Competition,Optimal Length,Optimal Solution,Scramble,Round,Group,Scramble Num
CliftonWinter2017,10,U2FR2U'F2U'R2UR2U',R F' U' R2 F R U' R U' R F2,d,E,2
NordicChampionship2019,10,U'F2U'FU2F2UF2R'F',R' F R U F U2 F U' F R2 U2,1,D,4
SlovakianCubeDay2018,10,UFRF2R2U2F'U'R2U,U R F R2 F' R2 U2 R U R' U',1,D,5
HaywardRubiksRumble2016,10,U'RURF'U2R2UR'U,R U R U2 R2 F U R2 U2 R' U2,1,A,1
VestegnenOpen2017,10,U'R'U'FUR'FR'F2R',R' F' U' R U2 R' U' R' F' R2 F',c,D,3
HangzhouOpenAM2021,10,URFU2F'UR'F2R'U,R U' R2 F R2 U' R' F R2 F U',f,A,5
BeijingSpringAM2021,10,U2R'FU'F2UF2R'FU',U' F R2 U2 F' R' U R F' R2 U2,d,E,3
HaywardRubiksRumble2016,10,U'RFU2R'U'F'UR'U,U F' U' R U' R' U F U' F U',1,C,1
HaywardRubiksRumble2016,10,U2R'UR'F'URFR2U',U' R F' R2 F2 U2 R U2 R' U2 F,1,E,1
KaohsiungOpen2016,10,U'RFUR2U2RFRF',R' F' U2 F R U' R U' F' R' U,1,B,2
HaywardRubiksRumble2016,10,U'RUR2F'UR2U2F'R',R' U2 R U' R' U2 R F' U' F U',1,E,1
NordicChampionship2019,10,UF2UR'FU2RU2R'U,U' R U' R' U R F R' F R U',1,B,4
BeijingSpringAM2021,10,FRF'RF'U'RF2U2R2,R' U' R' U' F U' F U2 F R2 U',d,A,3
HaywardRubiksRumble2016,10,UF2U'F2RFU2R2FU,U' R F' R' U R' U' F' U2 R' U',1,G,1
VeenendaalOpen2018,10,U2F'RU2R2URF'UF2,F' U2 R2 F U2 F R U' R U2 R2,f,A,2
HaywardRubiksRumble2016,10,UF2U2RF'RF2U2F'U2,F U' R2 U' F' R' U2 R' U2 R U2,1,H,1
CubingUSANationals2019,10,U'F2U'FR'FR'FR'F,U R F' R' U2 R' U2 F' U' F2 U2,1,B,2
Maryland2017,10,UF'R2U2RFR'U2RF2,R' F R F' R2 F R2 F' R2 U' R,1,B,4
SmartCubeFest2018,10,UR2U'R'UF2U'FU'F2,R' U' F' R U2 R' F U' F2 R U',1,B,5
RijswijkOpen2018,10,FUR2U2F'R'F'URU',U R' U2 F U' R' F R U' R U,1,D,1
NorthernNeckWinter2019,10,UF2U'FUF'RF'R2U2,U R' U F R2 F' R U' R2 U' R,1,C,1
GreatLakesChampionship2018,10,UFU'F2UF2R2U'FU,R F' R' U' R2 U' R2 U' F' U2 R2,1,G,4
NationalCubingRegionOpen2016,10,UF'RU2R2F'URF'U2,F' R2 F U' F U R U R U' R2,d,H,2
NorthernNeckWinter2019,10,U'F'UF2U'R'U2R2U'R',R' U F2 U2 R2 U2 R' U F' R U,1,A,1
GreatLakesChampionship2018,10,U'RF'U2RU'F'R'UF2,U R' U2 F U R2 U' F' U2 F' U',1,I,4
BackToBelgrade2021,10,URU2RU'RU2R'U2F,F' U R' U' R U' R U' R' U R,2,B,1
BackToBelgrade2021,10,FURU2R'UR'U2FR',R' U2 R U2 F' U' R U2 R' F' R,2,A,1
CubingUSANationals2019,10,UFR'U2RU'FR'F2U,U2 R' U F U2 F' R2 U R U' R',1,B,2
BackToBelgrade2021,10,UF'U2F'UR'F'UR'F',R F R2 U2 R' U' R' U' F U R,2,A,1
RijswijkOpen2018,10,U2F2URUR2F2U2F'R',U2 R' F' U' F U' F R U2 R U',1,C,1
RijswijkOpen2018,10,U'F2UF2RF'U'R2U2F',U' R' F U' F R2 U' R' F' U R',1,B,1
TeaTimeSpring2018,10,U'FU2FU2R2FR'F'U2,R U' F' R2 U R U2 R' F' U2 F,1,A,5
ZhengzhouSummer2021,10,U'FU2FR2F2U'RFR2,R U R2 F' R U R U2 R2 U' R,d,A,1
CanberraSpring2016,10,UR2URU2F'R2U'FR2,R2 U' F' R2 U' R' U' R U' R2 U',1,C,4
SmartCubeFest2018,10,UFU2RU'F2R2FUF,U2 R' F U' R U' R' U2 R' F U,1,E,5
ZhangzhouOpen2018,10,UF'R'U'FR2U'F2UR2,R' F R U' R F U' R U' R' U',1,A,4
BelgianOpen2017,10,U'FR2FU'R'F2UR2U,U R F' U2 F' U' R2 F R U' R',1,B,2
GLSCupIII2017,10,U2FRF2U'F2URF2R',U' R F' U2 R U2 R' U2 R2 U' R2,d,A,5
DAIICTOpen2018,10,U'F'R2FU2R'UF2U2F',R U' F' R2 U2 F U F2 R U R',1,B,2
DAIICTOpen2018,10,UF'UR'F2URURF2,U' R U R' F U' F2 R U2 R U2,1,A,2
HaroldParkClassic2019,10,U'F'R2U'FR2FU'F2U',R' U R' F R U' R U' F R2 U2,1,B,2
CubingUSANationals2017,10,F2RU2F'U'F2U2RU'R,R F' R2 U R U2 R2 U' R U' R,1,G,4
MinnesotaCubeMelt2017,10,U2F'R'U'F2RFU2F2R',R U2 R2 F' U2 F U' F R2 U' R2,1,E,1
HaroldParkClassic2019,10,FR2F'RU'FU'F'R2U,U R' F U' R2 U' R2 U' R2 F' U',1,C,2
VolgaNizhnyNovgorod2020,10,UF'R2U'F'RF'R2U2R',U2 R F U' R U R' F R' F U2,1,A,5
MinnesotaCubeDays2020,10,UF2U2RU'F2UFU2F',U' R' U R' U2 R U' F2 R U2 R,1,D,3
GLSCupIII2017,10,UF'U2F'R2F'U'FUF',R' F2 U R' F R2 U2 R' U R' U',d,C,5
StarCubingNijmegen2020,10,UR'UF2R2U2FRU2R',U' R' U' R U R' U' F' U F2 R,1,E,5
GLSCupIII2017,10,U'RF2R'F2UF'R2FU',F U' R2 F U' R U R' U' R2 U',d,E,5
HaroldParkClassic2019,10,U'F2UR'F2U2FUF'U',U' F' U2 R2 F R2 F' R' U2 R' F,1,D,2
AsianChampionship2018,10,FU'R'UF'RF2U'F'U,R2 U' F U2 R2 U' R' U2 R' U' R',2,A,1
EgerOpen2017,10,UFRU2F'R2FU2FU,R U' F R U R' F U R' U2 R2,2,B,2
AustralianNationals2018,10,UF2U'FRF2U'R2U'F2,U2 R' U F U' R2 U R' U' F' R2,2,A,2
AustralianNationals2018,10,U'RUF'U2F'U'F2U'R2,R' U2 R2 F' R' U' R U2 R U2 F',2,B,2
ZhangzhouOpen2018,10,U'F'U2RF'UR2F2R'F,U' R' F R' U' R U' R' F2 R U2,1,D,4
NordicChampionship2018,10,UF'R2UF'UR'U2RF',R2 U' R' F R2 U2 R' U2 R' U2 F,1,C,5
GACubersSummerBlast2018,10,U2RF'U2FUR2U2F2U',R' U R2 F' U R U' R' U R U2,1,A,2
FuengirolaCubea2018,10,UFR'F2U'FR'UR'U2,U R U' R' U R' F R2 F' U R',1,A,2
CubingUSANationals2017,10,U2F'RF'R2UF'RFR,U' R U' F2 U' R U2 R U' R' U2,1,AE,4
CubingUSANationals2017,10,UR'URU2F'U'R2FR',U R' F U2 F2 R U' R F' R' U2,1,AD,4
NordicChampionship2018,10,U'R'F'U2F'R2F'U'FU',R' U' F U' R2 U' R2 U' R F U2,1,D,5
ChengduNewYearAfternoon2021,10,UF2U2R'U'RU'R2U'F,R U R U' R' U R F' R2 U2 R,d,A,4
HungarianOpen2019,10,URFU2R2UF2UR'U,F U2 R U' R U2 R' U R' U2 F2,1,D,2
CubingUSANationals2017,10,U2FU2F'RF'RU'F'U2,U2 R' U R F' R2 F' U R U R,1,M,4
HefeiSummer2018,10,UF'URFU2R'U2R'U,U R' U' R U R' U F U2 R U,2,A,5
CubingUSANationals2019,10,UFR'FR'F'U'R2U'F2,U2 R' F U' R' U' R2 U' R2 F U',1,K,2
HungarianOpen2019,10,UFRFU2R2U'RUF',R' F R2 U2 F U2 F U' R U' R,1,B,2
HungarianOpen2019,10,UF'U'F'R'F2UF2UR',U R' U2 F' U F U' F U' R2 U2,1,A,2
HungarianOpen2019,10,U'F2RUR2U'RF2R'F',R U2 R2 F U' F' U' R U2 F' R2,1,A,2
CubingUSANationals2017,10,UR'F'RFR'UF2U'F2,R' U F' U2 R U' R U' R2 U2 F',1,P,4
UBCOpen2020,10,UFR2F2R'F'R'UR2U',R' F' R U R' F' U2 F R' F U2,d,B,5
StarCubingNijmegen2020,10,UF'U'F2UR'F2R2F'U',U' R U' R2 U' F R2 F R U F,1,A,5
UBCOpen2020,10,U2FU'FU2R'FU'FU,U2 R U2 F' U' F' R2 U F R U,d,A,5
NovaOdessaOpen2014,10,UR'UF2R'FURF'U',R' U F R U R F' R2 F' U2 R,f,A,1
MinnesotaCubeMelt2018,10,U'F'U'F2RUF2U'RU,U' R U R' F R2 U' F' R' U R',1,D,4
France2016,10,FU'FR'F'RF2UR'F,R' F U' F U F' U R U' R U',d,A,1
CanadianOpen2015,10,URF2U'F2RU'FR'F,F' U' R U2 R' F' U2 R2 U' F' R',1,B,1
MinnesotaCubeMelt2018,10,UFU2FU'FU'R'FR2,U2 R' U2 F U' R2 F R U' R U',1,B,4
CubeWeekendStMichielsgestel2019,10,UF'RFU'RUR2UR2,R' U' R2 F' U2 R' U' R U' R' U2,f,A,4
ItalianChampionship2017,10,UFR2UR'UR2URF2,U R F' U2 R U' F' U2 F' R' U',1,D,2
Chipola2019,10,UF2UR'FU'R'F2R'U2,U R U' R2 U2 R F' R2 U2 F' U',f,A,1
PolishChampionship2021,10,U2R'U'FR2FU2F'R2F2,F2 R U' R' U' F U' F U2 R U',d,B,2
PolishChampionship2021,10,UR2FR'F'R2UF'RU',U R' F U' R U' R' F' U' F R2,d,A,2
RiverHillSpring2019,10,U'FRF'R2UR'FR2F2,F' U2 F R2 U' R2 U' F U2 F U',f,A,4
BergenOpen2021,10,UFU'RF2U2R'FUR2,R U' R2 U' R U2 F R U2 R' U2,f,A,3
LesFranquesesOpen2019,10,UF'UF2R2UF'UF'U,R F' R2 U R U' R2 U2 F R U,f,A,1
No3x3x3Cambridge2019,10,FU2FRU2R2FU'R2F,R U' R2 U R2 F' U' R2 U2 R U2,2,B,2
NationalCapitalRegion2019,10,RF2URFU2R'UF2R',R U2 R2 U F2 U' F U' R2 F R,d,D,5
BerkeleySpring2018,10,UF'R2FR'U2FR2FU',R F U2 R' U' F R U R' U2 F,d,B,1
LexingtonFall2015,10,UR'UF'U2R2FR'F2R',U R' U' R2 F U' F U' F U' R2,1,C,1
SacCubingIII2018,10,UF'U'R2FRF'RF'U',U2 R' U R U' R2 F R' F U' R,2,A,1
LexingtonFall2015,10,UF'RUF'U2FR2F'U,U' R F' U' R2 U' F U2 R' U2 F,1,B,1
PSTLLSLublin2019,10,FR'F2R'U'FR2U'F'U2,R' U' R' F U2 R U' R' F R2 F',1,B,1
No3x3x3Cambridge2019,10,F'U2F'RF2U'R'F2R'U,R U2 R2 U' F U F' U2 R2 F R',2,A,2
SSTWarszawa2021,10,UFUR'UF2R'FR'F',R F' R U2 R' U R U' R F' R2,1,B,3
KoalaficationMelbourne2019,10,U'RFU2R'U2FRU'F,U' R U' R' U' F' U' F' R2 U R,1,D,4
PugetSoundSpring2019,10,UF2R2UR'F2R'FRU2,U2 R U2 F' U R U2 R2 U' R U2,1,A,3
MPEIOpen2019,10,UFR'U'R2FR'UFR2,R2 U2 F U' R2 U2 R' U' R2 U' R,1,A,1
CanadianChampionship2019,10,FR'UFR'U2RFR2F',U' R F U' R' F U' R U2 R' F,d,C,5
PolishChampionship2021,10,UFU2F'U2F'UR2FU',R' F R' U R U2 R' F U' F2 R,d,C,2
ItalianChampionship2017,10,F'UR'F2RF2RFR'U',U2 F U2 R' F R U' R U2 F' U',1,B,2
HuzhouOpen2019,10,UFU2R'FR'FU2F'R2,R' F' R U2 F' R U2 R' F' U' F,2,B,2
GreatLakesChampionship2018,10,UF'U2FR2FU'F2R2U2,U' R' F' U F2 R U' R F' R2 F,1,A,4
MPEIOpen2019,10,URUF'R'F2UF'RU,U' R U2 R' U R' F2 R U R' U,1,E,1
GobblerCubeDayWinter2019,10,U'FU2R'UF2U'F'U'R',R' U' F R' U' F' U' F R' U' R2,f,A,1
PSTLLSLublin2019,10,R'UF'U2FUR'FR2F',U R' F U2 F R U2 R' F U2 F',1,C,1
MPEIOpen2019,10,UF'U2RF'U'R2F2U'R,U2 R F' U2 R2 U' F R2 U' R2 U2,1,F,1
MPEIOpen2019,10,U'R2F'RU'FUFR2U2,U' R' F' R2 F R2 U' R2 F R U2,1,F,1
IdahoSummerB2021,10,U2FUF'R2U'FR2U2R',U R' U2 F' R U R' F R2 U' R2,1,B,3
OculusCubeOpen2019,10,FU2F2R'U'R'U2R'FU,R' U2 R' F R2 U' F' U2 R2 U' R',1,B,4
CubingUSANationals2019,10,U'F2U'F2U'F2RU2R2F',U' R U2 R2 F U R F' R2 U2 F,1,D,1
SelangorCubeOpen2019,10,U'FUF2UR'F'U2RU',R U' R' U2 R' F' U' F U2 F2 R',1,D,4
France2016,10,UF'U2FR2U'FU2F'U',R' F' U' F R U2 R F U' R2 F,d,D,1
BelgianOpen2017,10,UF2R2F'URU2F'R2F,R' U2 F2 R F' R U' R' F U' R2,1,C,2
PolishChampionship2021,10,UF2R'U'R'U2R'FU'F2,U' R' U' R U' F R2 U' F' R U2,d,D,2
Murcia2018,10,U2RU'FUF2U2R2U'R,R' U' R2 U2 R' F U' R2 U2 R2 F,f,B,1
MPEIOpen2019,9,R'U'F'U2RF'U2F2U',U R' U2 R' F U' F2 U' F R2 U',1,D,1
AsianChampionship2018,9,F'UF'RU2R'F2UF',U' R U' R' U2 R' F' R2 U R' U',1,G,3
HefeiSummer2018,9,F2UFR'F2R'F'R2F2,F' R2 F' R2 U2 R' U' R U' R2 U,2,B,5
HungarianOpen2019,9,URUR2F2U'RU'F,R' F' R F2 R2 U2 R' U' R F' R2,1,C,2
Shenzhen10thAnniversary2019,9,UFR'F'U'RF'UR',U' R' U' R U' R F' R' U2 R' U2,d,F,5
BerkeleySpring2018,9,R2F'UF'UF'RU2R,R U2 R2 U2 R F U' F U' F R2,d,C,1
HungarianOpen2019,9,F'RU'FU'R2FUF,R F' U' F' U2 R2 F U2 F R U',1,B,2
GACubersSummerBlast2018,9,F2R2FR'UF'U2F2R2,U' R' F R U2 R2 U' R2 U2 F2 R,1,C,2
BerkeleySpring2018,9,U'R2UR'F'UR2F2U2,U R' U F U2 R F' U' R U2 R,d,C,1
AsianChampionship2018,9,F'RF'R2F'U2RU2F',U' R F' R2 U R U2 R' F U2 R',1,H,3
HefeiSummer2018,9,FRF'UF'U2F'R2F',R' F U2 R U R' U2 R' U' F R,2,D,5
AsianChampionship2018,9,FUR2F2U2F'R'FU',R F' R2 U2 F U' F U' F U2 F',1,D,3
MPEIOpen2019,9,UF'RU2RU'F'R2U',U' R2 F' U2 R2 U' R' U2 R' F U',1,B,1
MPEIOpen2019,9,U2F'UFRF'R2U'R',U2 R' F' R U2 F' R U' R' U' R,1,C,1
AsianChampionship2018,9,FU2F2R2U'RU2F'U,U2 R' U2 R2 F' U' R2 F U' R2 U2,1,B,3
SpeedcubingESYA2018,9,UFR2FR'F2UR'F',U' R U2 F U' R U2 R' F U2 R2,f,A,1
SpeedcubingESYA2018,9,U2F'U2RFR'UR2U2,R' F' U F R2 U' F R U2 R U',f,A,1
HeartlandChampionships2018,9,U'RF'RFU'R2F2R',R U2 R2 U2 F2 U R U R' F U',1,G,4
Shenzhen10thAnniversary2019,9,F2RU'FU'FU'R'U2,U' R' U' R F' R2 F U' R U2 R',d,G,5
Shenzhen10thAnniversary2019,9,FUFRUR2FU'R2,R' F U F R' F R U' R F' U',d,H,5
BerkeleySpring2018,9,F'RFUFU2FUF2,U R F R2 U' R' U' R' F U2 F,d,A,1
GoldCoastSpring2019,9,UR2U'FR'U2R'U'R2,R U2 R2 F U2 F U' F U' R' U,f,A,2
SpeedcubingESYA2018,9,FU2R'U'R2U2R'U'R,R' U2 R U R' U2 R2 U' R' U F',f,B,1
HeartlandChampionships2018,9,UF'RFR'U2FU2F',R' F U2 F R2 F R U' F R' U',1,H,4
OsterhojOpen2018,9,UFU'R'U'RU'R2F2,U' R' U2 F R U' R' U F U' F2,f,A,1
BerkeleySpring2018,9,U'FU2R2FU2FU'R,R' U' F U2 F U2 F' U2 F2 R2 U',d,A,1
DanishOpen2019,9,U'FRFU2R'FR2F2,R U R U2 R2 U F' U2 R U R,1,B,4
SEChamp2018,9,UR'U'F2UR'F'U2F,U' R U' R' U2 R F R2 U' F R,1,A,3
VeenendaalOpen2018,9,FR2U'FR2FUF'R',U2 R' U2 R U' R U2 F' U2 F' R',f,C,2
GACubersSummerBlast2018,9,U'RF2R2U'RFU'F2,U2 R U' F' U2 F' R2 F R2 F U2,1,C,2
BranchburgOpen2019,9,U2F'RU'F2UFR2U2,F R2 U2 F' R2 F R U' R2 F U',1,A,2
TeaTimeSpring2018,9,UR'F'RU2F'UR2U2,R F U F R U' R' U2 R2 U' R2,1,D,5
TeaTimeSpring2018,9,FUR'FR'U'R2UF',R' F U' F R U R' U' F R2 U',1,C,5
SeraingOpen2019,9,U2R'UF2U'F2UR2F2,U' R' U R' U2 F R U2 R' U' R2,1,B,4
FinnishChampionship2018,9,F2R2FRF2U2RU'F2,U' R U' R' F' R2 F R2 U2 F' R',2,A,4
KjellerOpen2019,9,F2R'UFR'F2UF2U2,U' R' F' U2 R F U' R2 U' R' U',f,A,1
TeaTimeSpring2018,9,UF'URF'RU'FR,U R' F' U2 F R U R U2 R' F,1,E,4
TeaTimeSpring2018,9,U2F'UR'U'R2U'R2U',U R U' R2 U R U F' R' U R',1,D,4
AsianChampionship2018,9,U'F'RF'UR'FU2F2,R U2 R' U R' F2 R U R' F U',2,B,1
TeaTimeSpring2018,9,FU'F2U'RF2U'FR',R' U' F R' U' R U' R' U R' U',1,B,4
GreatLakesChampionship2018,9,U'F2RF'R'F'U2RF',U' R' F U2 F2 U' F U2 R2 U2 R2,1,B,4
HungarianOpen2019,9,UFR'FU2RU'F2U',R U' F U F R2 U2 R' U' R' F,1,D,2
BranchburgOpen2019,9,URU'FRF'UR2U',R U' R2 U F' U F U2 R U2 R,1,A,2
BranchburgOpen2019,9,UF2R2F'RF'RU2R,R' U' R2 U' R2 F2 R U2 R' U2 R,1,B,2
BranchburgOpen2019,9,U'R'URF'UR'FU,R' F' U2 F' R2 U' R2 U' R2 U' R',1,B,2
BranchburgOpen2019,9,RU'F2UR2FR2U'R',R' F R2 U' R2 F' U2 F2 R2 U' R',1,C,2
BranchburgOpen2019,9,F'R'F'R'URF'RF2,R U2 R' U2 R2 U' R U' R F U',1,D,2
GreatLakesChampionship2018,9,U2FU2FU2R'FRU',U' R' F U' F U' F' R2 U' F' R',1,H,4
GreatLakesChampionship2018,9,F'R'UR2FU'FU'F',U' R' U' R2 U2 F' U' F' U' R2 U',1,F,4
BranchburgOpen2019,9,RF'RU'FR2U'F'R,R' U' F2 R2 U2 R2 U2 F' R U R,1,D,2
GreatLakesChampionship2018,9,F'R'UF2UR'FU'R',R' F' U' F U' F2 U F U' F U',1,D,4
FinnishChampionship2018,9,U'F2RF'R2F2UF'R,R U2 R2 F U2 F' U2 R U' F U2,d,C,4
FinnishChampionship2018,9,R2U'FU'RF'URU,R' F' R U R' U2 F U' R2 U2 R',d,B,4
ChangshaAutumn2019,9,U2FR2U'RF'RU2F,R F' R' U R' F' U2 R F U' R,1,B,5
DneprPuzzlesFest2019,9,U'F'R2FR'UR2F'R2,U' R' U F R U' R U2 F' U' R',f,A,1
GACubersSummerBlast2018,9,F'URU'RF'UFU2,F' R2 F U' F U' R U R' U' R,1,B,2
SEChamp2018,9,RUR2F'RU'R'U'R,U2 R' U R U R' U2 F R2 U' R',1,B,3
SEChamp2018,9,U'R2F'UF'RF2RU',U R' F2 U2 F U R' F' R U R',1,C,3
ClashatCarlisleFall2019,9,U2R'UFU'FR'U2F2,U R2 F2 U R2 U' R2 U' R U2 R,f,A,1
ICHBBackToSchool2019,9,RUR2U'RF2U'FR2,U' R F2 U' F U' R U' R U' F',f,A,5
SEChamp2018,9,F'UR2F2U'RF'R2U2,R' U' F U' F U' F R2 U2 F' R,1,E,3
OpendelMayo2019,9,F'R'FU2F2UF'RU2,U2 R' F U R' U2 F' R U' R' U2,2,A,1
VeenendaalOpen2018,9,U2R2U'R2UF'RF2U2,R' F' R U F' U' R U R' U2 R,f,C,2
VeenendaalOpen2018,9,U'FR2U2F'URF2R',U R U2 R2 F U' R U R2 U' R,f,B,2
VeenendaalOpen2018,9,UFR'F2RF'U2R2F2,R' U2 F R U2 R F' R' U2 F R2,f,B,2
MPEIOpen2019,9,F2R'U'R2UR2UR2F,U2 R' U F R2 U' F' R2 F U2 R,1,A,1
SEChamp2018,9,U2R'U'RFU2F2U'R2,R' F R U' R F' U' R2 U R U2,1,G,3
VeenendaalOpen2018,9,R2URF2R'U'R2U'R',R' F2 U' R U' R F' U2 R2 F' U,f,A,2
XlingenOpen2019,9,U'R'U'R2FR'U2R'F,U R2 F' U2 R2 F R' U' F R U2,f,A,2
ElsassOpen2018,9,UR'F'UR'UR2U2F',U' F U' F U' F U' R F' R' U',2,A,3
MelbourneWinter2018,9,R'U2R'U2RU2R'F2R2,R' U R' F R U2 R' U' R U R,1,C,5
Chipola2019,9,U2R2U'F2U'F'UF'R,U R U' R2 U R U' R' F' U R,f,B,1
NordicChampionship2019,9,U'R2UF2U'FU'FR,F R U' R' U' F U' F U R2 U2,2,A,4
MinnesotaCubeMelt2018,9,R'U'FR2U'F'URU',R U' R2 F' U2 R F U2 R U' R,1,C,4
SeraingOpen2019,9,U'F'UFU2FU2R'U2,U' R' U' R2 F U' R U' F R2 U2,1,C,4
MeppelOpen2018,9,F'U2F'R2F'RU'R2U2,U2 R2 U R' F U2 R2 F' U2 R2 F,f,A,3
Shenzhen10thAnniversary2019,9,U'F'RU2R2F'UFR2,U2 R U' R' U R' U2 F U2 F' U',d,E,5
PSTLLSLublin2019,9,U'R'FR'F2RU2RF2,R U2 R' U2 F R U' R U' R' U2,1,B,1
Florida2019,9,F2RF'R2FRU'FU,R' U' F U' F U2 R F' U' R2 U',f,A,2
CubingUSANationals2019,9,U'F2RUF'URU'F',R U2 R' U2 F U' F U2 F U R,1,B,1
NortheastChampionship2019,9,U'F2R2FR2UF'U2F2,R' F R' F' U2 F R2 U2 R' U R,f,A,2
CubingUSANationals2019,9,UR'U'F2R2UF2U'R,U' R' F R U' R F2 U' R2 U' R2,1,C,1
OculusCubeOpen2019,9,FU'FUR'FRU'R',R F' R2 U' F' R2 U' R2 F U R2,f,A,5
OculusCubeOpen2019,9,R2U2R'U2F2RF'UF2,R' F' R U F' R U2 R' U R U,1,H,4
CubingUSANationals2019,9,U'FR'F2R'F2R'U'R',R' U' F U' F2 U F U2 F R U',1,C,1
CubingUSANationals2019,9,UF'R2U'R'F2U2R'U',U R F' R' U' R' F R2 U' R' U,1,D,1
OculusCubeOpen2019,9,UF'U'R'UR2F'U'R,R' F' R' F' U' R U R' U' R U2,1,E,4
OculusCubeOpen2019,9,R'FRF2R2UF'U2R2,U2 R' U R' U' R2 U2 R' F U' R2,1,A,4
CubingUSANationals2019,9,U'R'F'UF2R2U'F'R,U' R' U' F2 U2 F' U2 R2 F' R' U,1,F,1
CubingUSANationals2019,9,U'RUF'U'RF'U2R,R' U2 F R2 U' R U2 F R U' R',1,F,1
CubingUSANationals2019,9,F'UF2U'RF2R2UR',R' F U' R2 F' U2 F U2 F R U,1,G,1
WFSCubing2019,9,F'RFU2R'UR2F2U',U R' U R F' U' F' U' R2 F U',1,A,3
CubingUSANationals2019,9,UF'UR'UR2F2R'F,U2 F U' F U' F R U2 R F' R,1,G,1
NorthernNeckWinter2019,9,UFU2FR'FRU2R2,R U' F' R2 U' F' U2 F R U2 R,1,D,1
NorthernNeckWinter2019,9,U'FUF'RU'RF2R2,R' U2 R U2 R F U2 R' F' U' R2,1,D,1
NorthernNeckWinter2019,9,RUF2R'F2RF'RU2,U' R2 U' F R2 F U2 F U' F' U',1,C,1
NorthernNeckWinter2019,9,RU2R'F2R'UR'U2R',U' R U2 F' R' U2 R' U' F' U2 F',1,B,1
NorthernNeckWinter2019,9,UF'R'F'R'FU'R2U2,U2 R F' U' R2 U2 R U R U2 F,1,A,1
CubingUSANationals2019,9,URF2U2R'F'R'F2R',U2 R' U2 R F U' F U2 R2 U' R2,1,I,1
RijswijkOpen2018,9,UR'U2FU'F2R'UF,U R F' R2 F' U' R U' R U2 F',2,C,4
RijswijkOpen2018,9,U'RU'F'R'FR2UF,U R' F' U' F U2 R U R F U',2,B,4
RijswijkOpen2018,9,R'U2FUF'UR'FU',F' U' F' U2 R U' R' U' F U2 R2,2,A,4
CubingUSANationals2019,9,U'R'UF2U'F2UFR2,R' U2 R' U' R U' R' U F R U,1,J,1
CubingUSANationals2019,9,U2R'U2R'FR2U2FU',U R2 U2 R2 F U2 F' R U2 R U2,1,K,1
CubingUSANationals2019,9,R2FR2F'RF2RU'F,U R U2 F' R2 F' R2 F' R' U' R',1,B,1
WFSCubing2019,9,F'U'RFR2U'F'U'F',R U R' U' R' U' F U' F U2 F,1,B,3
Shenzhen10thAnniversary2019,9,UF2U2RF'U2FRU',U' R U' R' U' R' F U' R2 U R',d,C,5
RallyintheValley2019,9,UF2U2RUR2U2R'F',U2 R2 U' F U' F U' F' U' R U,1,E,3
StarCubingNijmegen2019,9,U2R2F'U2F'UR2F2U2,U' R2 U' F U2 F2 U2 R U' R U',f,C,3
ChicagoAreaTwistSpring2019,9,U2R'FU'R'F'U2RU2,R' F' U2 R2 U' R2 U' F U' F R',f,B,3
HuzhouOpen2019,9,F'RFUR2F'R'U2R2,R2 U F U2 F R U R' U' F U2,2,A,2
PittsburghSummer2019,9,U2R2F'U2F'RF'UR',U2 R' F R U' R' F' R U F R,f,A,2
HuzhouOpen2019,9,R2U'R'F'UF2R2F'R,F' U' F R U R' U' F R2 F' R',2,B,2
WC2019,9,RU2F'U2FR2FR2U',U' R U' R' F R U' R F U' R,2,A,3
SwissNationals2019,9,R2UF2U'RF'R2F'R,R' U R' U2 R U2 R F' U2 R' U,2,A,3
WC2019,9,U'RF'U'F2U'RF'R,U' R' F U2 R' U' F U' F R U',2,B,3
FaaborgOpen2019,9,U2RUF2U'FR2U'F,F' R2 F' U2 R2 U' R U R' F U',f,A,4
RiverHillSpring2019,9,U2RF'UF'U2R2F'R',F U2 F U2 F U' R U2 R U' R,f,C,4
RallyintheValley2019,9,U2FR'U2R'U2RF2U,R U2 R' F U2 R U2 R' F U2 F,1,A,3
RallyintheValley2019,9,FR'FR2U'F'U2R2F,U2 R' F R' U2 F2 U' F R2 U2 R',1,C,3
NationalCapitalRegion2019,9,URF2R'U2FU'FR2,R' U' F' R2 F' R' F U' F U' F,d,A,5
CubingUSANationals2019,9,R2F2UR'FU2R'UR,F R2 U' R' U R2 F' U' R U2 R',1,A,1
SuzhouOpen2019,9,F'U2R2URF2U'R'U,R' U' F U' R U' R F' R2 U R',1,A,3
SuzhouOpen2019,9,RUF2U2RFU'FU',U2 R' F U R F' R2 U R U' R,1,B,3
SuzhouOpen2019,9,UR2U'FRF2RU'R',R F' U' R' U2 R' F R2 U2 R2 U,1,C,3
CanadianChampionship2019,9,UF'R2URF2R2UR',R' F' U' R U' R' F R U2 R' F',d,A,5
PugetSoundSpring2019,9,UF'URF2U'FU'F',R U' R2 F R' U F U2 F R2 U',1,D,3
CanadianChampionship2019,9,F2R2URF'UF'RU,U R U R' F' R U' R' F2 U2 R,d,D,5
CanadianChampionship2019,9,U'R'F'R2U2F'RUR',R U' R' F R2 U2 R2 U2 F R U,d,E,5
SSL2Skurup2019,9,R'U2RF2R2U2R'U'R2,U' F U2 F' R U' R F' R2 U' R2,1,C,1
CanadianChampionship2019,9,UR2U'FUFR2F2U',U F U' R U R F' R2 U' F' R,d,F,5
SSL2Skurup2019,9,U2R2FUFU'FU2F,R' U' R2 U2 F U F U2 F R U,1,B,1
SSL2Skurup2019,9,U'F2U'FR'FR2U2F2,U2 R U' F' R2 U R U' R2 F U2,1,B,1
SSL2Skurup2019,9,UFR2F2RF2RF'R',U R' U F U' F U2 R U R U',1,A,1
RijswijkOpen2018,9,FU'R'U2FR'FUF,U R' U' F' R2 U2 F R' U' R2 U',1,D,1
RijswijkOpen2018,9,R2U2F'UF'R2FR2F2,U R U2 R2 U F R2 F' U' R' U',1,C,1
RijswijkOpen2018,9,U2RFU'R2UR2UF2,U' R' F U' R F R' U' R U' R',1,B,1
AustralianNationals2018,9,U2F'R2F'R2F'R'F2R2,R' F R2 F R2 U' F' R2 F R U',2,D,2
NordicChampionship2018,9,U'F'U2FR'U2FR2F',F R2 U2 R2 U2 F U' F R2 F' R',2,A,3
CubingUSANationals2019,9,FRU2F'R'F'UR'U2,U F' U' F' U' R U2 R' U' R2 F',1,H,2
NordicChampionship2018,9,FUR'U2F'R'U2FR2,U' R U' R2 F' R U2 F' R U2 R,1,B,5
CubingUSANationals2019,9,URUR2F'R2F'R'F2,U2 R' F U2 R U' R2 U F' U' R,1,I,2
NordicChampionship2018,9,FURU'F'U'R2F2R',R' U' R U' R' F' R U2 R F2 R,1,D,3
NordicChampionship2018,9,UR'F'R2U2F'RF2U',R F2 U' R U R' U' R2 U' R2 F,1,C,3
KjellerOpen2018,9,R2UF2R'UF2R'U2R',R' F R2 U2 R2 U' F' R F U2 F,f,A,1
CubingUSANationals2019,9,U'F2RURU'F2U2F',U' R U2 R2 F R2 U' R' U R' F,1,K,2
HeartlandChampionships2018,9,FUFR2U2RUF2U',U R' F' U2 F R U2 R U' R' U2,1,C,4
SkottegardsskolenOpen2018,9,U2F2U'F2R'F2R2F'R,U R F' R U2 F U' R U R' F,f,B,2
SkottegardsskolenOpen2018,9,F2URUR2F'URF,U R' U R2 U2 R2 F U2 F U R,f,A,2
CubingUSANationals2019,9,UF2U'F2RFR'UR,U R' F U2 R U R' U' R2 U R,2,C,4
HaroldParkClassic2019,9,UF'R'U'F2R2U'RU,U' R' U R2 U R F R U2 R' U',1,A,2
RijswijkOpen2018,9,R2U2R'F'RU2F'UF2,R F' U2 R2 F U2 F U' R' U R2,1,A,1
AustralianNationals2018,9,UFR'UR'U'F2RU',R U' R' U R' F2 R2 F' U2 R' U',2,C,2
AustralianNationals2018,9,U'RUF'R'F2R'UR2,R' U' F' R F U2 F U2 F U' R,2,B,2
AustralianNationals2018,9,U2FR2U2F'U'RU'R',U' R' U' R U R' U2 F' U2 F' U2,2,A,2
DAIICTOpen2018,9,U'FRU'R2FUF2R,U2 R U2 F' R2 F U' R2 U2 R2 F,1,C,2
DAIICTOpen2018,9,U'R'U'FU2F'UR'F,R U' R2 U' R U2 R' F2 R' F U,1,B,2
DAIICTOpen2018,9,UR2U2R'FR2FU'R,U' R U2 R' U R' U' R U2 F2 R,1,A,2
HaroldParkClassic2019,9,U'F'R'U2FR2F2R'U2,R' U2 F U' F U F U2 R2 U' R2,1,B,2
CubeFactoryCzestochowa2018,9,UF'U2FR'FR'F'R2,U F' U' F R U R' U' R U' R,1,D,3
HaroldParkClassic2019,9,UF'U2R'U'R2U'FR,R' F' U2 R U R U2 R' U F U',1,C,2
SUAO2018,9,U'R2F2UFR2U2F'R,U' R U2 R2 F U' R2 U' R' F R2,f,B,2
AsianChampionship2018,9,UF2U'RU2FU'RU,R U' R2 F U2 R U' F' U' F U',2,D,1
AsianChampionship2018,9,U2RF'R'UR'UF2U,U' R' U' F U2 R' U R' U' F2 U',2,D,1
NordicChampionship2018,9,R2U'RF2R'F2UF'R2,U2 R' U' R2 U2 R' F' U2 F' U' F,2,B,3
MeppelOpen2018,9,F'UF2UR'FU'RU2,U2 R F' U' R' U2 R U2 R U2 R',f,B,3
CubingUSANationals2019,9,U'R2UR2F'U'F2RF,R U' R2 F U' F U2 F U' R2 F',1,G,2
FuengirolaCubea2018,9,UF'RUFR2FR2F,R' F2 U' F R U' R2 U R' U' F,1,A,2
RijswijkOpen2018,9,U'FR'UF'U2R2FR,R' U R' F' U2 F R' U' F U' R2,1,A,1
MelbourneCubeDays2018,9,URU2RU'R2U'R2U,R U' R2 U' R U R2 U' R' U2 R,f,A,3
Hawaii2018,9,U2F'U'F2U'RU'FR',U R' U' R2 U' R2 U2 R2 F' U R',1,D,1
Hawaii2018,9,U'F2U'R2UF'R'U'F,U R' U' F2 R U R U2 R2 F' R2,1,D,1
Hawaii2018,9,U'RUF'R2F'U2FU2,U' R F U R U' R' F U' R2 U',1,C,1
Hawaii2018,9,U2FUFR'FURF,R U' R2 U' F' U' R U R U' F',1,B,1
Hawaii2018,9,U2F'U'RF'RF2R'U,R2 U' R U2 R' U' R2 F U' F' U2,1,B,1
Hawaii2018,9,U'R2FUF'RF2RF,R' F R U R' F' U' F U F R,1,A,1
CubingUSANationals2019,9,U2FU'FU'R'F2UR,R U2 R2 F U' F R' U2 F U' R2,1,C,2
ChengduWinterOpen2018,9,F'U2F'U2FR'U2R'U',U' R' U' R2 F U2 F R2 U' R2 U2,1,C,4
CubingUSANationals2019,9,FR'UR'U2RF'UR',U2 R' U2 R U2 R F U' F U' R,1,C,2
ChengduWinterOpen2018,9,FR'F'UR2F'R2FR2,U' R' F R U2 R2 U2 F' R U R',1,A,4
NovemberDaysinMinsk2018,9,FU2F2R'FUF'R'U,U R' U2 F U2 F' U2 R U F U2,1,D,5
NovemberDaysinMinsk2018,9,R'F'RU2R'U2RU'R,R' U2 R U R2 U' R' U R' F R,1,C,5
CubingUSANationals2019,9,F2RF'U'R'U'R2UF',U R2 F2 R U' R' F R U' R U',1,D,2
SmartCubeFest2018,9,FU2FR2U2FU'F'U',R' U F' R U' R' U2 R U F R,1,H,5
CubingUSANationals2019,9,U2F'RUF'UR'U'R',U' R F' U' R' F' R' U R' F U2,1,E,2
SmartCubeFest2018,9,UFR'U'R2U2F'U'R,R' U' F U' R2 U' R2 U' R2 U2 F',1,F,5
CubingUSANationals2019,9,U2R2F2RU'RF2U'R,U' R' U2 F U R' F' U' F U2 R,1,E,2
CubingUSANationals2019,9,U'R2F'R'FR'FU'R2,U R' U2 R U2 R' F R U2 R U2,1,F,2
SmartCubeFest2018,9,U2RU'F2U'F2RU2R',R F R2 U' R2 F U2 R U R' U2,1,A,5
FuengirolaCubea2018,9,UR'U2FU'F2U'R'U,R' U R U R F' R2 U R U2 F',1,C,2
CubingUSANationals2019,9,UF2UF2U2F'R'U2R2,R' U F' U2 F' R2 U' R' U R' F2,1,F,2
FuengirolaCubea2018,9,F'UR'F2U2R'FU2R,F' U' R2 U' R U' R U' R2 U' R2,1,B,2
FuengirolaCubea2018,9,UF'RUR'F'U'F2R2,R' U' F' U2 R2 F' R2 F U' F R2,1,B,2
HeartlandChampionships2018,9,F'RU'R'FRU'FU,R F' R' U2 R' U2 R U2 R F' U2,1,D,4
StarCubingNijmegen2019,9,UF'UR'FU'RFR2,R' U' R U' R' U F' U2 F U2 R2,f,B,3
MPEIOpen2019,9,UR'U'FR'F'U'R2F',U2 R' U2 R U2 F U R U R U',1,D,1
HaywardRubiksRumble2016,9,U2F2R2UR'F'UR'F2,R' F' R U2 R' U R' U R2 U' R',1,M,1
HaywardRubiksRumble2016,9,RU'FU2F2R2URF,F' U' R2 U' R2 U2 R' U' R' F U',1,K,1
BarwonCubefortheKids2021,9,U'F'RU'R'FR'F'U,U R2 F R U2 R' F U' F' R U',1,C,1
HaywardRubiksRumble2016,9,R2FR'F2RF'U2F'R',R' F U' F' R U R' F2 U' F R,1,J,1
HaywardRubiksRumble2016,9,U2F'RF2RU2FUF,U R F R' F U R U R' F U2,1,I,1
HaywardRubiksRumble2016,9,U'FU'FU2F2U'F'R2,R' F R U2 R' U2 F' R2 F R U,1,I,1
HaywardRubiksRumble2016,9,F'R2U2R'F'R2F2UR',R' F R2 U2 R' U' F R2 U' R2 F',1,H,1
HaywardRubiksRumble2016,9,UF'U2R2F'RF2R'F2,U' R U' R2 F R' U' R2 U R' F,1,G,1
BeijingSpringAM2021,9,RU2F2R'U'RF'R2F,R2 F' R2 U F R U2 R U2 R2 F,d,B,3
HaywardRubiksRumble2016,9,F2R'FR2U'F'R2F2U',U R U' R' U R' U' F R' U2 R2,1,D,1
BeijingSpringAM2021,9,UFR2FU'F2RU2R2,U' R U' R U' F U R U2 R' U2,d,C,3
KunshanAfternoon2021,9,UF2U'RU'RFU2F,R F' R2 U' F U' F U2 F U2 R2,1,A,5
KaohsiungOpen2016,9,UF2U2FU'RF'RF,R' F R' F R U R' U2 R U2 R',1,C,2
KunshanAfternoon2021,9,U'FU2R'U'F2RU2R',R' U2 F' R U2 R' F' U R F' R2,1,C,5
GuangdongOpen2021,9,F'U'F2U'F'R2URF',U2 R U2 F' R2 F' U2 F U' R U',2,A,3
KaohsiungOpen2016,9,U2F'RU'RF'UF'U',R' U' F U' R2 U' R' U F R U,1,A,2
KaohsiungOpen2016,9,U2R'F'R2URUF2R2,U R2 F' R2 U2 F' R U' R U' R2,1,A,2
CanberraSpring2016,9,F2RF'U2R2UF2UR,U' R' U' F R2 U2 R' U F U' R',1,A,4
ZhengzhouSummer2021,9,F2R2FU'RU'R'U2R,R' U R' U' R U R U2 F' R2 F2,d,B,1
SandnesOpen2016,9,URF'R2U2RF'U'F,R' F R2 F' R' U R' U2 F R U',2,B,4
ZhengzhouSummer2021,9,U'FRU2RFUR2U2,R U2 R' U' F R U R U' R' U',d,C,1
ZhengzhouSummer2021,9,U2F2U'R2F'UFUR',R U2 F' R2 F U F' U' F R2 U',d,C,1
ZhengzhouSummer2021,9,FU'R2F2UFUR2U2,R2 U' F' U' R2 U' F' R2 F' R2 F,d,D,1
ZhengzhouSummer2021,9,U'R'F2UF'U'FU'F,U F R2 U2 R' U' R U R U2 R',d,D,1
EdmontonLimitedSummer2016,9,F2R'F'U2RUF'U2R2,R2 U2 F R U R' F U2 F' R2 U',1,B,2
EdmontonLimitedSummer2016,9,U2R'UF'U2RF'U'F',R' U' R F U F U2 F U' R U2,1,A,2
HaywardRubiksRumble2016,9,UF'RU2RFR'U'F,R F' R' U R F' R' U2 R' U' R,1,L,1
HaywardRubiksRumble2016,9,U'F'UF2RF'R'UR',U' R U' R' U R' F' U2 F U' R,1,M,1
NationalCubingRegionOpen2016,9,R'U2F'RF2RFR2F,R F' U2 R' U R' U' R U2 R2 F,d,L,2
HaywardRubiksRumble2016,9,RUR'FR2F'RU'F',R' F' U2 R F U2 R U2 R U' R',1,N,1
ByczyCubeRace2017,9,UF2UF2U2F'R'F2R2,F U' R U2 R' U2 F R U2 R F',1,A,3
MinnesotaCubeMelt2017,9,UFRF2RURU2F',U2 R' U2 F' U2 R U R' U2 R' F,1,E,1
MinnesotaCubeMelt2017,9,U'F'RF'UR2URU',U2 R U2 R' U' R' U2 F R' F U,1,D,1
MinnesotaCubeMelt2017,9,F'RFRF2U'F'RU,R' U' F U' F R2 F U2 F U2 F',1,D,1
MinnesotaCubeMelt2017,9,U'FR2U'F'RF'UR,R U2 R2 F U2 R' F U2 F U' R2,1,C,1
MinnesotaCubeMelt2017,9,RUF'RU'RF2U2R',F U' R2 U2 R' U' F U2 R2 U' R',1,C,1
MinnesotaCubeMelt2017,9,U2FR'U2FR'F'UR,U' R U' F U' F R2 U' R U2 R',1,B,1
MinnesotaCubeMelt2017,9,UF2UF'R2FU'RU2,U' R U2 R' U2 R U2 R2 F' U' F2,1,B,1
MinnesotaCubeMelt2017,9,UR'URF2R'FR2U2,R' U2 R U' R' F U' R' F U2 R2,1,A,1
MinnesotaCubeMelt2017,9,RF2U'F'UR'UFR,U' R U' F' R' F' R' U R' U2 F,1,A,1
NorwegianChampionship2017,9,F2U2F'URU2RU2R,R U2 R2 U2 R U2 R' U' F U2 F2,f,B,5
IrunaOpen2020,9,F'R'FR2U'RFU'F,R' U' R' F U' R U R' U R' F2,1,B,2
IrunaOpen2020,9,RF2U'FUF'UR'F,R' U' F U2 R2 F R2 U' R2 U' F2,1,C,2
HvidovreSommerhygge2020,9,U'R'F2UFRUR'U2,R' F' U2 F U2 R2 U' R2 U' F U,2,B,4
HeartlandChampionships2018,9,FU'FU'F2U'F'UF',U R F R2 U2 R' U' R F' U2 R',1,A,4
EstonianOpen2020,9,F2R2F'R'U'R2FR'F,U R F' R2 F2 U2 R U' R U' R',1,B,2
EstonianOpen2020,9,U'FU'FRFU2R2F2,F2 U2 F R U R' F U' R U2 R,1,C,2
CliftonWinter2017,9,UF'UFU'R2UR2U',U R2 U R2 U2 R2 U' F' U' F U',d,B,2
EstonianOpen2020,9,U'F'U2RU'R'F2R2U',U' R' U2 R2 F' U2 F U' R U' R',1,D,2
SydneyChampionship2016,9,F'U2FU2R2F'RU'R',R U R' F U2 F R2 U2 R2 U2 F,2,A,5
ChengduNewYearAfternoon2021,9,U'F2UF'RU2R2FU',U2 R U' R2 U F U2 F R2 U2 F',d,C,4
BarwonCubefortheKids2021,9,FR'F'RFR2F'RU,U R F' R2 U' F' R U' R' F' R,1,A,1
BarwonCubefortheKids2021,9,UF2RFR2U2RF'U2,U R' F' U2 F2 U' R U' R' U' F,1,A,1
MelbourneCubeDays2016,9,U2RU'F'U2F'RUF',U R' F R U' R F R' F U' R,2,B,3
HaywardRubiksRumble2016,9,U'R2FRU'R2F'RU,U' R' F R2 U R U2 R2 F R2 U',1,N,1
NationalCubingRegionOpen2016,9,U'RU'FURU'R2F2,U R' F U R U' R2 U2 R' F' R,d,L,2
NationalCubingRegionOpen2016,9,URU2RU2FR'F2R',R F' U' R2 U' R U R' F' R2 U2,d,K,2
EgerOpen2017,9,F'RUR'FU2F'U'F2,U R' U' F U2 F U' R F R' U2,2,A,2
FrankfurtCubeDays2016,9,F2U'F'R'F2R2F'R'U,U' R F' U2 R2 F R2 U' R F' R',1,A,2
LexingtonFall2015,9,URU2RU2F'URF',U' R U' F R U2 R' U' F U' R2,1,D,1
LexingtonFall2015,9,FU'R'U2F'U'R2U2F,R' F2 R' U' F U' F U' F U' F,1,D,1
EmpireStateSummerB2021,9,UF'UF'UR2F2U'F,R F U' F U' F R2 U' R' U' R2,1,C,3
LexingtonFall2015,9,UF2R2FUF2R'FU,R' U' F' R U2 F U2 F R2 U' F',1,B,1
LexingtonFall2015,9,F'RF'R2F'U2FR'F',U R2 F' R U R' U2 F U2 F' U2,1,A,1
MasovianOpen2015,9,F'URF2U'R'FR'F',R U2 R2 U F' U' R U R F' U2,f,A,2
EmpireStateSummerB2021,9,F'RU2RFU'R2F'U',F U' R U' R U' F' R2 U2 R2 U2,1,G,3
CanadianOpen2015,9,UR'UF2U'FUF2U',R' F R U2 R2 F R U' R U R,1,B,1
SSTRzeszow2021,9,FR2FU'F2R2FRU',R U' R2 F2 R U2 R U2 R2 U' F,f,A,1
WelwynGardenCity2015,9,U2RU'RF'RFR2F,U2 R' F U2 R2 U2 R F' U2 F' U2,1,C,3
SSTWarszawa2021,9,U'F2U'R'F2R'URU',U' F U2 R U' R' U R' U' F U2,1,D,3
PolishChampionship2021,9,U'R2FU'RF2RUF',U2 R F' R2 U' R' U' R U' R F',d,A,2
FranconiaWinter2014,9,RFU2F2UFRUR2,U R' U R' U F' U2 R U R U',1,B,2
FranconiaWinter2014,9,F'UFU'FR'UF'U,F U2 F' U' R2 U' R' U2 R' U' R2,1,A,2
PolishChampionship2021,9,UF2R2U2RU2R'UF,U R' F' R' F U' F U' R U' R',d,B,2
PolishChampionship2021,9,FR'U'RUR'FU'F2,U R F' R' U R' U' R2 U2 R' U2,d,C,2
PolishChampionship2021,9,U'R2FU'R2FR'FR,R2 F R F U' F R2 U' R' U R',d,D,2
KeepAustinWeird2014,9,FRUR2F'U2FR2F,R U R F' U' F' U' R2 U' F' U',f,B,2
PolishChampionship2021,9,UF2U2F'RU'R2FR2,R2 F' R U F U2 R U R' U' F,d,E,2
DanishChampionship2021,9,F'U2R'FUF'R2U2F',R' F2 U' R2 U' R2 F U2 R F U2,1,A,3
MumbaiSummerOpen2014,9,R2U'RF'U'FR'UF2,R' U F' R2 U' R2 U2 R U R2 F,f,B,4
DanishChampionship2021,9,FU'F'R'UFR'UF',U' R' U2 R2 U' R' U2 R' F2 U' F,1,B,3
WelwynGardenCity2014,9,F2U'RU2RF2URF2,U R' U' R' U2 R' F R U2 R' F,f,A,1
DanishChampionship2021,9,RU2RF2UR'U'R'U,U' R F' U' F R U R' U' F2 R2,1,C,3
GermanOpen2014,9,U'F'R'F'R2U2FUF2,R' F2 R U R' F U2 R2 U' F U',2,B,2
EmpireStateSummerB2021,9,F'RFU'R'UF'R2U2,U' R F' R' U2 R' U R2 U' R' U,1,A,3
FrankfurtCubeDays2016,9,R'U2R'FR2UF'R2F2,U2 R' U' R U' F R U2 R U' F,1,A,2
NationalCubingRegionOpen2016,9,RU'RFUR2F'U'F',U R U' R2 F R2 F' U2 R2 U' R2,d,J,2
FrankfurtCubeDays2016,9,RF2R'FUFR'UR,F' U' R U' R' F R U' R U' R2,1,B,2
NationalCubingRegionOpen2016,9,U2RU2FR2F'RF'U,U' R' U' F' U2 R F R U' R' U,d,J,2
IdahoSummerB2021,9,U'FRF'R2F'R'U'R2,U' R' F' U2 F' R U R' F R2 F,1,A,1
NationalCubingRegionOpen2016,9,F2RU'RFU2R'U'F2,U2 R U' R2 U' R2 F' U' R2 F R2,d,H,2
NationalCubingRegionOpen2016,9,U2FR'FU2R'F'UR,U2 F' R U2 R' F' U' R2 U' R2 F,d,G,2
NationalCubingRegionOpen2016,9,UR'FR'F2RUR'F,U R' F R2 F' R2 F U2 F R' U',d,G,2
IdahoSummerB2021,9,RU2RU2R'F2UR2U2,U2 R2 U' F2 R U2 R U2 R2 U2 R,1,B,1
NationalCubingRegionOpen2016,9,F2U2F'RU'F'RF2U,U' F2 U' F U' R U R' F U2 R2,d,F,2
NationalCubingRegionOpen2016,9,FU'F2R'UR2U2F2R',U2 F U2 F' U' R U R F' U2 R2,d,E,2
IdahoSummerB2021,9,F'RU2R'FUR2UF,U R F' R' U2 R' U' F' U2 R' F,1,C,1
IdahoSummerB2021,9,URU'F2R'U'F'RF',R' U' F' U' R U' R' F' U' R2 U',1,D,1
NationalCubingRegionOpen2016,9,U'FR'FU'F'RUR',R2 U F' U2 F R U2 R' U' F U2,d,C,2
IdahoSummerB2021,9,F2R2F'U2R'U'F2RU',U' R' U2 F' U R' F R U2 R F',1,A,3
NationalCubingRegionOpen2016,9,U2R2UR2F'RUFU2,R2 U2 R2 U' F U' R2 U' R2 F U2,d,A,2
IdahoSummerB2021,9,UF2U2FR2F'UF'R',U R' F' U2 F' U2 F U' R2 U' R',1,D,3
IdahoSummerB2021,9,RF2U'R'F'R'F2R'F',U' F' R U2 R F' R U2 R2 F U2,1,A,4
France2016,9,UFUR2UF2RFU,U R' U' R U2 R' F' R U2 R' F',d,E,1
France2016,9,U2F2RU'F2U'R'F'R2,U R' U F R2 U' R' F U2 R2 U2,d,E,1
IdahoSummerB2021,9,U2FR2U2F2U'R'UR',R' U' F' R U R' U2 F R U' R2,1,B,4
France2016,9,R'UR'U'RU2F2U'R,R' U F2 U' R U R U' R' U2 R,d,C,1
France2016,9,U'F'U'FU'RU'FU,R' F U' R F' U2 R U2 R' U' R,d,C,1
IdahoSummerB2021,9,U'R'UR2F'R2UFU2,R2 U2 F U2 R' U' F' U' R U' R',1,D,4
IdahoSummerB2021,9,FU2FU'FUF'RU,U2 R' F R U' R' U2 F2 U F U',1,B,5
FrankfurtCubeDays2016,9,URU2R'F2RF'R'U',R F R U R U' R2 F R U2 R',1,C,2
FloridaReturns2021,9,UF2U2F'R'F2RFU',R' F' U2 R F U' F R2 F' R2 F,f,A,2
FloridaReturns2021,9,F'RU'F'RF'UR2U,R' U F' R U' R2 U' R U R' F,f,A,2
StarCubingNijmegen2020,9,U2FR2F'U'R2FRU',U2 R F U' R2 F' U' R' U R U2,1,D,5
HvidovreSommerhygge2020,9,UR2URF'URU2R2,U2 R F' U' R2 U' R2 U2 R2 U F,2,C,4
StarCubingNijmegen2020,9,U2R2U'R2FU'RF2R',U R F U' F R F R2 U' R2 F,1,C,5
CubingUSANationals2017,9,U'F2RU'F'RF2R2U,R2 U' R U2 R' U2 F U2 F U2 R,1,X,4
TaiwanChampionship2017,9,U2F'U2FR2U'FR'U,R U' F' U R' F R2 F' R' U R,2,C,3
AarhusChristmas2019,9,U'FU'R'URU'R'F,U R' F U' R F' R U2 R F' U2,1,A,2
UCSDWinter2020,9,U'FU'F'U2RFR'U',R F' U2 R2 F' R F R U2 R' U',1,D,3
ItalianChampionship2017,9,RF2R2UR'UF'R2F,U R' F R2 F R U2 R U' R2 F,1,B,2
SandnesOpen2017,9,U2RUF2R'F2UFU2,U R' U R' U2 R' U' F U2 R U,1,B,2
SandnesOpen2017,9,FUR2F2R'U2R2FR',U' R' U2 F U' F R U' R' U2 R',1,A,2
UCSDWinter2020,9,UF2U2FRUR'U2R,R' U' R U2 R' F' U' F U' F U',1,F,3
WashingtonChampionship2020,9,RU'F'URF'UR'F2,R' U' F2 U2 R U' R U R' U2 F',2,A,5
SLSZawiercie2017,9,FR'FR2U2F2R'U'R,U R F' R2 F U2 F R2 U' R2 U2,d,C,4
SLSZawiercie2017,9,F'RF'U'R2FRU'R,R U2 R2 U' R F U2 R2 F' R2 U',d,B,4
WashingtonChampionship2020,9,U'FR2F2UFR'FR,U2 R' F' U' F U2 R2 U2 R' F' U',2,B,5
CubingUSANationals2017,9,UF'R'U2FUR2F2U,U2 R F' U2 F U2 F U' F2 R U2,1,AJ,4
AarhusChristmas2019,9,UF'RF2R2FU'RU2,R' U R U2 R' F R2 U' R2 U' R,1,A,2
GarrettsvilleGMenClassic2020,9,UFRF'UR'F'RF',U2 R' U' F' U2 F' R U' R U' R,1,A,3
CubingUSANationals2017,9,F'UF2UF2R'FU2F,U2 R' F U' R U R' U' F R2 F2,1,AH,4
ItalianChampionship2017,9,R'U'R2U'R2U2FR'F,U' R' U R F' R2 U' R U R' U',1,C,2
CubingUSANationals2017,9,RU2F'UF2U'R'U'R2,R' F U F' U' F U2 F' R U' R,1,AF,4
ItalianChampionship2017,9,URU'F2RU2RF2R',U2 R' F' U2 R U' R' F R U2 R,1,E,2
CubingUSANationals2017,9,FR'F'U2F'U2FR2U,U' R F' R' U' R' U2 R2 F' R' U2,1,AB,4
CubingUSANationals2017,9,U'R'U'R2FR2F'RF',U' R' F' U2 R F U2 R2 U2 R' U,1,AA,4
CubingUSANationals2017,9,F2RU2F'RF2U'R'U',U R U' R' U R2 F U' R2 U' R2,1,Z,4
VestegnenOpen2017,9,F2U'R'U2FR'F2U'F2,U2 R' F' U R' F U2 R2 F' U' R2,c,A,3
AarhusChristmas2019,9,U'FUFR2FUF2R2,R' F R2 U2 R' U2 R' F2 R' F' U2,1,B,2
VestegnenOpen2017,9,URFR'F2U'FU'F2,R U R' F R F' R2 U2 F' R U',c,B,3
Maryland2017,9,URUR'U2RF'UR2,R2 U' F R U2 R2 U2 R' U' R' U',1,I,4
UKChampionship2017,9,R2UF'UR2F2URU',R' U2 F U' R U' R U2 R2 F2 R2,d,B,4
UKChampionship2017,9,UR2F'U'R2U'F2U'R',R2 U2 F U' F2 U' F' U' R U R,d,F,4
UKChampionship2017,9,F'U'F'U2RF'UFR',R' F' U2 F U' F U' F U2 F' U2,d,A,4
UBCOpen2020,9,U'F'RU2F'RF'RU',R' U' R F U' F2 U' F' U' R U',d,D,5
SunmarkeDubaiOpenII2017,9,F'U'RU'F'U2RF2R',U R' F U' R2 U2 R' U2 F U R2,d,D,3
ElisaKulmaOpen2020,9,UFU'RU2F'RF'U2,R2 F' U2 F R' U' F U' R U' R,1,A,3
ElisaKulmaOpen2020,9,UFU'FU'R'F2R'F',U R' F U F R2 F' R2 F' U2 F,1,B,3
SelangorCubeOpen2019,9,F'UF'R'U'F2R'FU2,U' R' U R U' R F' U2 R' U2 R,1,C,4
SunmarkeDubaiOpenII2017,9,UFU'R'U2RU2R'F,U2 R' F' R U2 R F' R2 U' R2 U',d,A,3
Maryland2017,9,RF'R2U2RFR2U2F',U R' U R' U' R U' R U' R2 F2,1,H,4
VestegnenOpen2017,9,U'RFU2F2R2FR'U',R' U F' U2 R U' R' F2 U2 R U',c,C,3
SelangorCubeOpen2019,9,R2U'RF2U'F2UF'U,R2 F U2 R U F' U2 R2 F U' R2,1,B,4
Maryland2017,9,F2R2UF2U2FR'FR2,U R U' R' U2 R' U F R2 F U2,1,G,4
Maryland2017,9,FR'FR'U2FUFU,U R U' R2 F2 U2 R' U' R U R,1,F,4
Maryland2017,9,FR2F'U2RF2R'FU,U R U' F' R2 U' R U2 R' F R2,1,E,4
TaiwanChampionship2017,9,URU'R2UF2UR'F',U' R' F2 U R2 U2 R' F U' F R2,2,A,3
UCSDWinter2020,9,F'UR'U2RFU2RF',U' R' F R U2 R' U2 F' R U' F,1,A,3
UCSDWinter2020,9,F2U'FR2F'RU'F'U,R' F U' R' U' R2 U' R2 U' F R,1,B,3
UCSDWinter2020,9,F2U2FU'F2UR2FU',R' F U' F U' R2 U' R2 U R' F,1,C,3
ElMuelleOpen2017,9,R2UF'UR'U'FR2U2,R' F' U2 R U2 R' F' R2 U' R' U,f,A,4
CubingUSANationals2017,9,RUF2R'F'RU'R2U,U2 R U' F' U2 R2 F R2 U' R' U,1,Y,4
ItalianChampionship2017,9,UR2U'FRFU2RF',U' R' U' F R U' R' F2 U R2 U',1,D,2
ItalianChampionship2017,9,F'RF'R2F'R'U'RU2,U2 R' U2 F U' F U' F2 R2 F' U',1,E,2
SydChamps2017,9,U2R2F2R'U2R'UF2U',U2 R' F U' R2 U R' F2 R U R',1,C,5
MPEIOpen2019,9,RF2RU'RF'U2F'R2,U R' F2 U2 R U R' U F R2 U',1,H,1
AnnuntiaOpen2020,9,UFU'RU'F2R2UF2,R' U' F U2 R' U R' U' F' R U,1,A,1
AnnuntiaOpen2020,9,U2RUR2U2F'U'F'R,U2 R U2 R2 F' U' R U2 R' U2 F',1,A,1
CubingUSANationals2017,9,UFU'FUR2F'U'F',R' U' F' U' F R U' R U2 F' U',1,W,4
CubingUSANationals2017,9,U2F2RU'R2UR'U2R,F' U' R2 F U' F U2 R U' R' F,1,I,4
SacCubingIII2018,9,F2UF2U2R2U'RF2R2,U F U2 R' U' F U' F R2 U' R',2,A,1
SacCubingIII2018,9,R'F2R'F'RU2F'U'R',R U' R' U2 R' U2 F' R U F' R,2,B,1
SacCubingIII2018,9,F'U'F2UF'UF'R2F',U R' U F U2 F R2 U' F' U' F',2,C,1
CubingUSANationals2017,9,FRF2R2U2R'FU'F,R' U2 R2 U' R' F' R2 U2 F R2 F',1,H,4
SacCubingIII2018,9,F'R2U'FR2FU'F'U',U R' U R' F R' F' U2 R2 U' R',2,C,1
CubingUSANationals2017,9,U2F2U'RFR'UR'F,U' R U' R2 U F U' R' U' F R2,1,E,4
CubingUSANationals2017,9,URF'U2RU2RFU2,U' R' U' F U' F R' U2 F2 R U2,1,C,4
CubingUSANationals2017,9,U'FU2R2F'R'U'R2F,U R' U' F R U2 R' F R F' R',1,B,4
CubingUSANationals2017,9,F'U2R2UF'U2RU2R',R' F' R2 U2 F' R2 F R U' R2 U',1,A,4
EgerOpen2017,9,R2F2U'RF'RF2U'F',U R U2 R' U R2 U' F U2 F2 R2,2,C,2
EgerOpen2017,9,RFRU2R2F2U'R'U',U' R' U R2 U R' F' U' R U' R',2,B,2
SacCubingIII2018,9,R'FU2FR2FR'F2R2,R' U' R2 F U2 R' F U2 R U2 R',2,D,1
FrankfurtCubeDays2018,9,UF2UR'U'R'U2FU',U R' U' R2 U' F U F U2 R' F,2,A,5
Murcia2018,9,R'U2FU2FUR2UF,R U' R U2 R' U' F' U' R U' R,f,A,1
SydChamps2017,9,R2U'FUF'U2R2F2U',U R' U' R' U2 F U' F R' U' R2,1,D,5
AnnuntiaOpen2020,9,F2R2FR2FR'URF2,R' F' U2 R U R' U' F' U2 F U,1,B,1
ItalianChampionship2017,9,F'UR'F'UF'R2F2U',R' U2 F R U' F U2 F U' R2 U2,1,G,2
CubingUSANationals2017,9,FR'FU2F'U2RU'F,U2 R2 F' U2 R' U' R' F R2 U' F',1,Q,4
CubingUSANationals2017,9,UR'FR2U'RU'R2U2,U' R' F' R2 F U2 F R2 U' F' R',1,V,4
ItalianChampionship2017,9,FR'F2UF'UR'F'U',U R' F' R U R U2 R2 U F R2,1,G,2
CubingUSANationals2017,9,FR'UF2UR'F'R'F,U R U' R2 U' F' U2 R F R U2,1,T,4
CubingUSANationals2017,9,U'FRF2U'FU'F'U,R2 F' R2 U' R U' R' F U2 F R,1,S,4
CubingUSANationals2017,9,F'R2URFRFU2F2,F U' F R U2 R' F' R2 U' R2 F,1,N,4
DSFGeneralforsamlingen2020,9,UF'R'F2UF'UF2R,U2 F U' R U' R' F R F' U' R2,f,A,1
ItalianChampionship2017,9,U'FU2F'RF'U'FR',U2 R2 F' R' U2 R' U' R U' R U',1,H,2
UKChampionship2017,9,F2R'UR'U2RF2RU,R U' R U' F' R2 U' F2 U2 R2 U2,d,D,4
No3x3x3Cambridge2019,9,FR2FUF'UR'UF2,R F R' U2 R U2 R' U2 F R U2,2,A,2
SydChamps2017,9,UF'UF2U2FU'FU',U' F U' F2 U' F' U' F U' F U2,1,B,5
RallyintheValley2019,8,R'U2F2URF2U'F,R U' R' U F' U2 R U R F' U2,1,B,3
CubingUSANationals2019,8,F2U2R'UR2F2UR,R' U' R2 U' F' U2 R2 U2 F R U2,1,A,1
AdelaideSummer2020,8,FRUR'UR'F'U',U' R' U R U R' F' U' F' U2 R,1,A,3
DanishChampionship2021,8,U2FR2UF'U'F2U,R2 F U2 F' R2 U' R' U2 R' U' R,1,D,3
MPEIOpen2019,8,FUR2FU2F2U'R,U' R' F2 U' F U2 R U R U' F',1,E,1
UBCOpen2020,8,U2RU'R2UF2U'R2,R' F' U2 R2 U' R2 F U' R2 U' R2,d,E,5
SSTWarszawa2021,8,U'F2U'F2RU2R'U2,U2 R' U' R2 F R2 U' R2 U2 R U,1,A,3
CubingUSANationals2019,8,F2UR2U'F2U'RU,U' R F' U2 R2 F' U' R U' R' F',1,E,1
No3x3x3Cambridge2019,8,UR'F2U'F'U'RU2,U2 R' F U F U F U' F R U',f,A,3
EmpireStateSummerB2021,8,U'R'F2U2RU'R'U',R U2 R' U F' R U2 R' F R U2,1,D,3
MPEIOpen2019,8,RU'FR'U'R2F2U,R' U2 R U R' U2 F U2 F U2 R2,1,C,1
Chipola2019,8,UR2FU2F'RF'R2,U2 R' F U' F U2 F2 U' F2 U' F,f,A,1
IdahoSummerB2021,8,FUF2R'FU2R2U',U' F' R' U' R' U2 F U' F R2 U',1,C,3
CanadianChampionship2019,8,F'R2U'R2UR'U2R,R' U2 R U' R2 U' R2 U2 R2 U2 F,d,G,5
AarhusChristmas2019,8,RU2R2UR2U'R2U,U R' U' R2 U2 R' U2 R' U2 R2 U',1,B,2
TambovAutumn2019,8,F'RF2RF2R'F'R,R U2 R' U R U' R' U R2 F U2,f,A,3
MPEIOpen2019,8,UR'F2RF2RU2F',R' U' F U R' F U' R2 U2 F' U',1,G,1
EmpireStateSummerB2021,8,FRF'UFR2U2F,R U' F' R2 F U' R U F' U' R,1,E,3
MPEIOpen2019,8,FU2F2R2FRU2F',R U' F' U R' U2 F U R U R,1,B,1
EmpireStateSummerB2021,8,FUF'RUR2F2U2,U2 R F' R' U2 R' U2 R2 U2 R' U2,1,B,3
CopperCountryCubingSummer2021,8,RF'R'U2R'UF'R,U R' U2 R' U2 F U2 R U R U2,f,A,5
IdahoSummerB2021,8,UF2URU2R'UF,R U' R' U' R U2 R' F U' F U',1,C,4
BranchburgOpen2019,8,RU2RF'RU'F2U,U R' U' R2 U2 R' U2 R F' U R',1,E,2
StarCubingNijmegen2019,8,F'R'U2F2RF'R2F',R F' U2 F' R2 F R U' R' F' U,f,A,3
EmpireStateSummerB2021,8,F'R2U'FR2F'RF2,U2 F U2 R U R' U' F U2 F R2,1,I,3
IdahoSummerB2021,8,F'U'RF2U'RF2U,R' F R F R2 U' R2 U F U2 F,1,A,5
SSTWarszawa2021,8,FU2R'U'RUF2U,U R U2 R2 U R U2 R F' U2 R2,1,C,3
NordicChampionship2019,8,FU'F2R2F'UF'R2,R' F U R U2 R' U F U2 R' F,2,C,4
AdelaideSummer2020,8,FR2FRUF'UR2,R' F' U' F U2 R U2 R' F U2 R,1,B,3
BranchburgOpen2019,8,U2RF'R2U2RU'R',U' R' U' R U R U' R2 F R' U2,1,C,2
ChengduNewYearAfternoon2021,8,U'F2UR2FUF2R',R' U' R U2 R' F U' R2 U' R' U',d,B,4
LLSIIIv22020,8,UF'U'FU'F'UF2,R U2 R' U2 R U R' F U2 F U2,f,A,5
CubingUSANationals2019,8,F2RF'U2RU2R'U',R F' U' R' U2 R U2 R' U F' R,1,I,2
EstonianOpen2020,8,F'U'FU'RUF'R',U2 R2 U' R2 U2 R2 U R' F R U',1,D,2
DSFGeneralforsamlingen2020,8,RUR2UR2F2UF2,R U' R F' U' R2 U R U' R' F,f,A,1
CubingUSANationals2019,8,U'RU'R'F'UR'U,U R F R U R' F R2 F' R' U,1,J,2
EstonianOpen2020,8,R'F'R2FU'FR2F2,R' U' R' F' U2 R U R' U R U2,1,C,2
EstonianOpen2020,8,U2F'RU2R'U2F'R,R' U2 R2 U2 F' U2 R' U2 R' F U2,1,A,2
CubingUSANationals2019,8,FRF'RU'F'RF,R' U' R2 U' F U' R U' F' R U',2,A,4
EstonianOpen2020,8,F'R'FR'UF'U2R',R U2 R' U' R' F U' R' U2 R' U',1,A,2
CubingUSANationals2019,8,F2R2UR2U2F'R'U',U R F' U2 F' U2 R2 U2 F U' R2,2,B,4
CubingUSANationals2019,8,R'FU'RU'F2RU2,R' U' F U F R U2 R U' R2 F2,2,D,4
DanishOpen2019,8,U'RF'RF'UF2R,U R' U' R2 U' F U2 F' U2 F R2,1,A,4
IrunaOpen2020,8,R2F2U'FU'F2RF,U2 R F' U R' U' F U' R U2 R,1,A,2
MinnesotaCubeDays2020,8,RF'R2F'R'FR'F2,U' R F' R' U F' R U R' F U2,1,E,3
MinnesotaCubeDays2020,8,URU2F'U'R2FR2,F R U R' U2 R U2 R U' R2 U2,1,C,3
AnnuntiaOpen2020,8,U2RF'RU'FU'F,U R2 U' R2 F' U' R' U2 R' F R2,1,C,1
HaroldParkClassic2019,8,U2F2R2FR'F'U'R',F' R' U2 R' U2 F R2 U' R2 U2 R2,1,A,2
ChellesOpen2020,8,U'FR'UFR2U'R',U' R' U' R U' F' R2 U F R U2,2,A,3
MinnesotaCubeDays2020,8,UF2URF'UFU2,U R' U2 F' U R U2 R2 U' F R,1,B,3
MinnesotaCubeDays2020,8,FU'RF'U'F2U'F',R' U' R U' R' U' F' U' R U F',1,A,3
HaroldParkClassic2019,8,U2F'RFU2F'U2F,U' R U2 R' U2 R U2 F U2 F R,1,D,2
VolgaNizhnyNovgorod2020,8,FR'FR'U'FRU,R U' F' U' F' U' R2 U F R U,1,B,5
Shenzhen10thAnniversary2019,8,FU'F2RFR'FU',R U2 R' U' F2 R2 U' F' U2 R' U,d,D,5
Shenzhen10thAnniversary2019,8,U'FRU2R'F2RU,U R' F' U F' U2 R U2 R' U2 F,d,A,5
PopularnBlindFlen2020,8,RUF2R'F2UR'F',R' U' F U2 F U' F' U' R2 U2 R',f,A,3
CubingUSANationals2019,8,F'UF2U2R'FRU,U' R' F U2 F' R U R F' U' R',1,H,2
CubingUSANationals2019,8,UR2U2F'UR2U'F,R U2 F R F2 R U' R' U' R U',1,G,2
CubingUSANationals2019,8,U2F2RF'R'UF'R2,R' F U' F2 U2 R U2 R2 U' R2 U2,1,A,2
IdahoSummerB2021,8,U'FU2F2U'R'U2R2,R' U R U' R U2 R' U F U' R,1,D,1
CubingUSANationals2019,8,R'F2RF2UFR2F2,U2 R' U R2 U' R2 F R' U' F R',1,H,1
IdahoSummerB2021,8,URF2U'FRU'F',U' R' F U' R U' F R' U' F U',1,C,1
CubingUSANationals2019,8,R'UF2U'F'UF2U',R' U' R U' R' U' F' U F U2 R',1,I,1
IdahoSummerB2021,8,F2R'FUF'RU'F2,R' U2 F' R U' R F R U R' F,1,B,1
ElisaKulmaOpen2020,8,R'F'UF'RFR'U',R U' R2 U R U R' U' R2 F' U2,1,C,3
UKChampionship2019,8,U2RU2R2F2U'F'U2,R' U F' U' R2 U' F U' F U' R2,f,A,1
UKChampionship2019,8,U'FR'F'UFR'F,R' U2 R U R' U' R2 U' R2 F2 U2,f,A,1
Shenzhen10thAnniversary2019,8,UR2UR'FR2U'F,U' R U' R U2 R' U' R' U2 F2 R,d,B,5
CubingUSANationals2019,8,U2RF2UR'U2FR,R' F U2 F U' F' U' F U2 R' F,1,K,1
CubingUSANationals2019,8,R'FU2RF2U'RU,U' R' F R F U2 R U R U' R',1,A,2
ZhengzhouSummer2021,8,R'U'FU2R2FU2F',U' F R2 U2 R' U' R' U2 R2 U' R',d,A,1
BarwonCubefortheKids2021,8,F'UR'F2RU2R2F,R F U2 R2 U2 R' U2 R' F R' U',1,B,1
NordicChampionship2019,8,R'UR2UF2R'UR2,R' U' F' U' R U2 F U2 F U' R,1,C,4
GuangdongOpen2021,8,F'R2F'UFR2F2R',U R' U' R U' R' U2 R U2 R F',2,B,3
NordicChampionship2019,8,R'U'FR2FR'F2U2,F' R U' R F' U' R2 U F R U2,1,A,4
KunshanAfternoon2021,8,FUFU2RU2F'U',R' U' F U' F2 U R U R U' R',1,B,5
BeijingSpringAM2021,8,UR2U2FR'F2R2U2,U R' F U' F' R U2 R U2 R' U,d,D,3
CubingUSANationals2019,8,U2R'UF2U'R'FR',R2 F' U' F' R U' R' U' F R U',1,D,2
ClashatCarlisleFall2019,8,FRU'FR'U2R'F,U2 R U2 R2 U' F' U' R2 F U2 R2,f,A,3
BarwonCubefortheKids2021,8,R'FR'FU'R'FR2,U2 R' F U2 F R2 U' F' U2 R2 U2,1,D,1
GarrettsvilleGMenClassic2020,8,FU2F'UF'U2F2R2,R' U2 F R2 U' F U F2 R U R,1,C,3
GarrettsvilleGMenClassic2020,8,UF2U'R2U'R2UF',U' R2 F' U' R2 F' R' U' R' F U',1,D,3
BarwonCubefortheKids2021,8,F'U2R'FR'U'R2U2,U R' F2 U' F U R' U2 R2 U' R2,1,C,1
MPEIOpen2019,8,URF'UFR'U2R2,F' R' U' R' U' R U' R F' R2 U',1,H,1
GermanOpen2014,8,FU2F'R2URU'R,R' U R' U' R U' R' F2 R U R,2,A,2
ItalianChampionship2017,8,U'R2F2R'FR2UR2,U' R' F U2 R U R' F U R' F,1,H,2
HaywardRubiksRumble2016,8,F2R2URU'R2F'R2,U' R U' R' U R' F' U F R2 F',1,K,1
AsianChampionship2018,8,F'R'UR'UF2RU',U R' F R' U' R' F U' R U' R',1,C,3
AsianChampionship2018,8,U2R'U'R2U'FU2F2,R' F U' F U' F R' F R' F U2,1,E,3
Maryland2017,8,RF2U2FU2R'UR',R' F2 U2 F U' R2 U' R2 U2 R2 F',1,C,4
PSKubing2016,8,R2U2FU'FR2F'U2,R' U F' U2 R2 U' R' U2 R' F' R,f,A,5
AsianChampionship2018,8,RF'UR2F2UF'R,U' R' U2 F R' F R2 F' R' U2 R,2,B,1
AsianChampionship2018,8,R2FU2FR2F'UF',U' R' U' F' R U2 R2 U' F' R U,2,C,1
AsianChampionship2018,8,F'U'R2U'R'F'U2F2,U2 R' F R U2 R F' R2 F2 U' R,2,C,1
MinnesotaCubeMelt2018,8,URUF'RFR'U,R2 F R2 U2 R' U' R' U F R U',1,A,4
SUAO2018,8,FRU'FUR'F2U2,R2 U' F' R' U R' F' U' R U' R,f,A,2
ChicagoAreaTwistSpring2019,8,RU2R2U'R'UR2F',F R2 U' R2 U R U' R U' R' U',f,D,3
CubeFactoryCzestochowa2018,8,R2UR'F'RU'R2F',R' U R U R' F' R2 U' R' U' R,1,A,3
CubeFactoryCzestochowa2018,8,U'FU2FR2UR'U,R' U' F U' R F R U R' F U2,1,B,3
HaywardRubiksRumble2016,8,U2R2U'R2FUR2U',U R' F' U' R U R' U' F' U2 R,1,L,1
OakvilleLimitedFall2018,8,U2F2UFR'F2U'F,R F' R2 U2 F U2 F' U' R2 U R',f,A,2
CliftonWinter2017,8,RF2UR2URU2R2,R2 U' R U R' F U F U2 F U2,d,B,2
SunmarkeDubaiOpenII2017,8,F'U2FR2FU'RU',U2 R' F' U R U R U' F' R' U',d,C,3
AustralianNationals2018,8,R'FRF2U'FR2F2,F' U2 R2 F U' R2 U R' U' R U2,2,C,2
HaywardRubiksRumble2016,8,FU2F2R'FUR'F',R' F U2 R2 U' R' F' U' R2 F R,1,F,1
ElsassOpen2018,8,U'RF'RF'U'F2U,U2 R2 U' R2 U' F2 R U R' F U',2,B,3
HaywardRubiksRumble2016,8,FUR'F2RF2U'R,R F' R' U2 R' U' R U2 R U2 R',1,D,1
AustralianNationals2018,8,FR2FU'R'F2RF',U2 R' F R2 U R' F R' U2 F U,2,D,2
SkottegardsskolenOpen2018,8,RU'FUFRU'F,U' R U' F' U' R2 U F' R' U' R,f,A,2
UKChampionship2017,8,FUF2R'F2R'FU2,R' U2 R U2 R' F R2 U' F' R U2,d,E,4
KaohsiungOpen2016,8,URF'UR2U'FU,R' F U' F U2 F' R U2 R' U' F',1,B,2
QuabbinOpen2016,8,F2RFU2R'F'U2F',R F' R' U' R' F' R' F U' R U',f,A,2
NordicChampionship2018,8,R'F2UR2UR2U'R,U2 R' F' U2 F' R' F U2 F R U2,1,E,3
TeaTimeSpring2018,8,UF'UF2RF2R'U',U R2 U2 F R2 U' R' U' R' F R,1,A,4
NordicChampionship2018,8,RFR2U'R'U'F2R',U F U2 F U2 F U2 R2 U' R2 U,1,E,5
CliftonWinter2017,8,RF2RU'FU2R'F',R U2 R U' R' U2 F U' R U2 R,d,A,2
Maryland2017,8,FRU'R2UR2UF,F' R U R U' R' U R' U' R2 F',1,A,4
GermanOpen2014,8,R'U2R'U2RU2R'F',F R2 U' R' U2 R' U2 R U2 R U',2,A,2
LierOpen2018,8,U2RF'R2F'U2F'R',R U2 R2 F R' F R U R' U' F,f,A,1
CubingUSANationals2017,8,R'U'F'R2F'R2F'R,R' F U2 R2 F' U2 F' U2 R2 U' R,1,F,4
TeaTimeSpring2018,8,F2UR'FU2R2FR,U R' U F U' R2 F' U' R2 F R,1,E,5
SlovakianCubeDay2018,8,R2U'F'U'F2R'FR',U2 R' F' R2 U' R' U' R2 F U2 R2,1,A,5
CubingUSANationals2017,8,U'R2U'FR2FU2F,R2 F' U2 R U R' U' F U' R2 U2,1,D,4
EgerOpen2017,8,U'R'FR'U2F2RU,U' R' F R2 U' F U2 R U R U2,2,A,2
GLSCupIII2017,8,RURU2F2U'RF',R' F U' R2 U2 F U' F R U2 R',d,D,5
SlovakianCubeDay2018,8,UF2RUR2U2R'F',R U2 R F' U' R2 U' R U R F',1,C,5
MelbourneWinter2018,8,F2UFRF'R'F'U2,R' U R U2 R2 F U R U' R U2,1,A,5
GLSCupIII2017,8,UR2U2R'U'R2FU2,U2 R2 U2 R2 F R2 U' R U2 R2 U',d,B,5
MelbourneWinter2018,8,U2F'RUR2U'F2R,R' U' R2 U' F U' F U' F U' R2,1,B,5
CubingUSANationals2017,8,URU2F2U'R'UF,F2 U' R2 U R U2 R' U R' U' R,1,K,4
SwedishDecathlonChallenge2017,8,F'UF'R'UF2UF2,R' U2 R2 U' R' U' R U' F' U2 R,f,A,2
SwedishDecathlonChallenge2017,8,RUR2F'R2U'R'U2,U2 R' F' R U' R' F' R2 U' R' U',f,A,2
CubingUSANationals2017,8,U2RUR'FR'F'U,U2 R U' R2 F' U2 F R U2 R U',1,L,4
ProjectZamosc2018,8,F'U2RFRFU'F,R' F R' U' R2 U2 R' U' R' U' F',f,A,1
CubingUSANationals2017,8,U2RU'F'U'F2RF,U R U2 R' U R U2 R2 U2 F R2,1,U,4
NorwegianChampionship2017,8,U'F2RF'UFR2F',U R U2 R' U' R U' R' U' F' U,f,A,5
GreatLakesChampionship2018,8,F'U2R'FU2RU2R',U' R' U' F' R2 U' F' R' U R' U2,1,E,4
ZhangzhouOpen2018,8,R'U2F2RU'R'FR,R' F2 R U2 R' F R U R' U2 R,1,B,4
ZhangzhouOpen2018,8,RU'F'RF'R2FU2,R' U2 F U F2 U' F U' F R U2,1,C,4
GreatLakesChampionship2018,8,F'UF2U'FU'R2F,U' R' U' F U2 F U' R F' R2 U2,1,C,4
SSL1Jonkoping2017,8,U'FUF2UF'R'F',R' U2 R U' R' U F2 U' R2 U' R2,f,A,2
GACubersSummerBlast2018,8,UF'U'F'UR2FU',U' R F' R U' R' U' R' U' F U',1,B,2
CubingUSANationals2017,8,R2F'U2RU'R'F'U',R' U' R' U2 F' R2 U' R2 U2 F R2,1,AC,4
GACubersSummerBlast2018,8,URU2R2FRU2F',F U' R U R' F' U' R U R' F,1,D,2
CubingUSANationals2017,8,FU'F2R2F'RF'R',R U2 F' R' U' R' F R2 F' R2 F,1,AI,4
CliftonWinter2017,8,FU'R'F'R'F2R'U2,U R F' R' U' R F' R' U2 R' F',d,D,2
SLSZawiercie2017,8,U2FUR2F'R'U2R2,U' R' F U2 F U' R' F U2 F R2,d,D,4
NordicChampionship2018,8,F'U2F'RFRU2R2,R U R U2 F' R' U2 R U R' U',2,C,3
SEChamp2018,8,FR2U'R2U'RU'R,U' R' U2 F R U2 R U2 F' R U',1,F,3
MeppelOpen2018,8,UR2U2FU'F'U2R,R' U2 R2 U' R' U F R2 U' R2 U',f,C,3
NationalCapitalRegion2019,8,F2UR2U'RUF2U,U' R' U' F U R' U2 F U2 F R',d,B,5
Florida2019,8,U2R2FUF2UF2R,R' F' R U2 R' F2 U' R2 U' F' U',f,A,2
PraxisOpen2016,8,R'U'FU'RU2R'U',U R U2 R' U2 R F R U' R' F',f,A,5
WFSCubing2019,8,FR'FU2FUR'U,U' R U' F' R2 U2 F R2 U2 R' F',1,C,3
SSL2Skurup2019,8,U'RF2UF'U2R2U',R' U' F R2 F R U2 R' F' U' R,1,A,1
FrankfurtCubeDays2016,8,RF2U'FR2UFR,U R F' U R U' F' R2 F R U,1,B,2
CCCOpenMoscow2019,8,F2RF'U'FRF'U,R' U' F U' R2 F' U' R2 U' F2 R2,f,A,4
PugetSoundSpring2019,8,U'F2U'FUF2UF2,U R' U2 F' U R U R U2 F' R',1,B,3
PugetSoundSpring2019,8,U'FR2U'F'R'U2R',F U2 F U' F R U R U' F' R',1,C,3
OregonStateAlpha2016,8,U'RFU2RF'RF',U2 R' U2 F2 R U R U2 R U' R',f,A,2
Murcia2018,8,UF2U'F2U'RFU,U2 R' U2 R U R U2 F' R' F U',f,A,1
LexingtonFall2015,8,R'FUFU2FUR2,R U' F' R' U R U2 F' U' R U',1,C,1
KoalaficationMelbourne2019,8,UR2F'R2F2R'U'F',U' R' F U2 R U2 F' R' U' R U',1,B,4
KoalaficationMelbourne2019,8,R'UR2UFUF2U2,U R U2 R2 F R' U' R2 U' R' U2,1,C,4
USNationals2015,8,FR2F2RF2RFR',U R' U' F R U2 R2 F' R' U R,f,A,3
HeartlandChampionships2018,8,F'R2F'UR2F'R'F,U R' F' U F' U2 R U' R U R,1,E,4
NationalCapitalRegion2019,8,F'R'FR'UF'U2F',U R2 F' U' R' U' R U' R2 F' U',f,A,5
RiverHillSpring2019,8,RU2RU'R2U'R'F',U' R' U' R U R' F' R U2 F R,f,B,4
ItalianChampionship2017,8,UR'U'RF2R'UF,R U' F U' R' U' F R U R U',1,A,2
RiverHillSpring2019,8,UF2U2F'UF'U'F,U2 R' F' U R2 F' U' R2 U' R U,f,E,4
ItalianChampionship2017,8,URF2R'UF2U2R',R U2 F' U' F' U' F' U' R2 F R,1,A,2
MishawakaSpring2015,8,U2R'U'RF2R'UF,R F U' R' F R U2 R U' R' U,f,A,2
FranconiaWinter2014,8,U2F2UF'RURF2,U2 R U2 R' F R U2 R' U' R U2,1,B,2
ItalianChampionship2017,8,U'F'R2URU2F'U,U R' U2 F U' R U R' F R' U',1,F,2
SwedishChampionship2014,8,U'FR2U'F'R'UF',R F R' U' R U' R' F U2 R2 U',1,C,3
SacCubingIII2018,8,RU'RU'RU2FU2,R U' R' U' R U' F' U' R2 U R',2,B,1
KeepAustinWeird2014,8,URFR2U'RFR',R U' R' F' R' U' R' U' F U' F,f,A,2
KeepAustinWeird2014,8,U'F'R2U'RU2R'F',R' F R U2 R' F R U2 R2 F U',f,A,2
ChicagoAreaTwistSpring2019,8,RU2RUR'FR2U2,U2 R U2 F' R2 U' F U2 R U' R',f,C,3
NortheastChampionship2019,8,F2U'R'FR'URF',U' R U' R' F R U' R F R U',f,A,2
HeartlandChampionships2018,8,R2FRU'FR'U2F',R2 U2 R' U R' U' R U' R' U2 F',1,B,4
HeartlandChampionships2018,8,RF'U2FR'U'R2U2,U' R F' R2 U' F U' R' F' U2 R,1,F,4
NationalCubingRegionOpen2016,8,R'U2FU'F2U'FU',R' F R U R' U' R U R U2 R,d,F,2
TorontoLimitedSummer2016,8,RF'R'F'R2UF2R',R U' R' U' R U R F' R F' R2,f,A,2
SmartCubeFest2018,8,F'R2FU2FR'U'F,U2 R' F U' R U' R' U' R F' U',1,D,5
SmartCubeFest2018,8,UF2UR'U2FR2F,U R' F R U R' U R' U R' F',1,G,5
EdmontonLimitedSummer2016,8,F'U2FU'R2U'FR2,R2 U' R U' R U' R2 F R' F R,1,A,2
NovemberDaysinMinsk2018,8,R'F'UR2F'R'F'U,R U' R' U' F U' F U2 R' U2 R,1,B,5
ChengduWinterOpen2018,8,RF'U2RUF'U2R',R' F R' U' R U2 R F' U2 R2 U',1,B,4
ChengduWinterOpen2018,8,F'U'F2U'R'F'R2U2,U2 R' U2 F U R' U' F U F R,1,D,4
NationalCubingRegionOpen2016,8,U2RFR'FR2U'F',U' R' U R' U' F U2 R U' R' U,d,K,2
SEChamp2018,8,UR'F2U2FU'R'F2,U' R' U' F' R2 U' R2 F U2 R2 U',1,D,3
HappySpringMDQ2018,8,UR2U'F2RUR'F',U2 R' F' U2 F2 U' R U' R U' R',f,A,5
OculusCubeOpen2019,8,UR2F'RF'UF'U',R' U2 R' U' F' R U' R F R2 U',1,D,4
NationalCubingRegionOpen2016,8,RF'U2F'R'U2RF',R' U2 F' R U' R' U2 F2 U2 F R2,d,I,2
BerkeleySpring2018,8,FUF2U'FUF2R',U' R' U F R2 F' U' R' U' R F',d,B,1
StRaphaelWinterOpen2018,8,F'R2FUF2R'F2R',U' R' F' R U2 R U' R2 U F R',1,A,4
RijswijkOpen2018,8,U2F'RF'RF2UF,U' R' U2 R2 F U' R U R' F R2,1,E,1
PSTLLSLublin2019,8,U2RU2RF2RF'U,U R' U' R' U' F R U R' U' R,1,A,1
OculusCubeOpen2019,8,U'R2FR'F2RUR',R2 F U' F U' F R2 U' R2 F' U',1,C,4
France2016,8,R2F'RF2UR'FR2,U R' F' U2 R U R' U F U2 R,d,B,1
France2016,8,UFR'U2F'R2F'R,U R' U' F U' R U2 R U R U',d,B,1
NationalCubingRegionOpen2016,8,RF'U'R2U2R'F2R,U R2 U2 F U R' U' F R U' R,d,E,2
PSTLLSLublin2019,8,F'R2U2F'UFRU',U R' F' U' F2 R2 U2 R2 F U2 F,1,A,1
TeaTimeSpring2018,8,U'R2UF'R'FR2F,U R' F' R2 F' R' U2 R' F2 R U',1,B,5
NationalCubingRegionOpen2016,8,R'FU'FU'FU2R,U R' F' R U R' U' F U' F R,d,C,2
NationalCubingRegionOpen2016,8,R2U'R2U'R'F2U2R',U2 R' U R2 F' U' R' U2 R' F R',d,D,2
GarrettsvilleGMenClassic2020,7,FR2U'R2FUF',U' R F' R' U2 F U2 R U2 R U2,1,B,3
AdelaideSummer2020,7,F'U'F'R2F'R2F,R' U' F' U2 R U R' U' R F U2,1,D,3
SelangorCubeOpen2019,7,UR'F2R'FRU',U R' F' U' F' U' R U2 R F R,1,A,4
BelgianOpen2017,7,R2F2UFURU',U R' F U' F U' F' U' F' U2 R2,1,A,2
CubingUSANationals2017,7,F2R2U'FUR2U2,F U2 R U' R' U' R U' R' U2 F,1,J,4
BelgianOpen2017,7,F2RF2RUF2R',U' R' F U2 R' F U2 R U R2 U',1,B,2
ZhenjiangOpen2017,7,R'U'FUFRU',U R' F U' F' U' F' U2 F U2 R,f,A,3
CubingUSANationals2017,7,UF'U'R'F2R2F',U R F' R' U R' U F' R U' R,1,O,4
ItalianChampionship2017,7,F2U'F'RF'R'F',U2 R' U' F2 U' R' U2 R U' R' U',1,F,2
SandnesOpen2017,7,U'R'URF'RF,U R' U2 F U2 R2 U2 R' U' R' F',1,A,2
BelgianOpen2017,7,FR2FUF2UF2,U2 F U F U' F U2 R2 U' R' U,1,C,2
KirkeVaerloseChristmasOpen2017,7,RURF'R2UR',R U' R2 F U R2 U' R' U' R' U2,f,A,3
BarwonCubefortheKids2021,7,F'RUR2UR'F,R2 U' F U' R U2 R' U' R2 U' F',1,B,1
AnnuntiaOpen2020,7,F2R'U2R'F2U'F,U' R' F' U' R' F R U R' F2 U',1,B,1
IdahoSummerB2021,7,F'UF'R2F2UR',R' F U2 R2 U2 F' R2 U' F' U' F,1,D,5
QuabbinOpen2016,7,UF'R'FUR'U,U' R' F U2 R U F' R' U R' U2,f,A,2
IdahoSummerB2021,7,F'R2U2R'FU2R',R U' R' U2 R' F' U' R' F R2 U2,1,A,1
NationalCubingRegionOpen2016,7,U2R2U'F'U'F'U,U2 R U' R2 F U2 R U2 R' U2 F2,d,I,2
NationalCubingRegionOpen2016,7,FR2U'F2R'UR2,R' F R2 U2 F U2 R U' R' U' F,d,D,2
NationalCubingRegionOpen2016,7,FRUFU2R2U',U R' U2 F U2 R U2 R' F R U2,d,A,2
France2016,7,RF2U2F'R'F2U2,R U R U2 R2 F' U R U' R U',d,A,1
IdahoSummerB2021,7,F2U'R'U'R'FU,R F U' F' U' R U R' F' U2 F',1,C,5
FrankfurtCubeDays2016,7,UFURU'R'U',R' U R F' R' U' R' F R U' R,1,C,2
HaywardRubiksRumble2016,7,U'R'UR'U2R'F2,U2 R F' R2 U' F2 U2 R U R' F',1,B,1
SydneySummer2015,7,UF2UF'RUF2,U' R F R2 U' F' R' U R' F' U2,f,A,4
CanadianOpen2015,7,F'RU'RU'F2U,R' U R' F R U R' U2 R U' R',1,A,1
ProjectKedzierzynKozle2021,7,UR'FUR2U2F,R U' R' U2 R U' F' R' U R' U2,f,A,4
WelwynGardenCity2015,7,F'U2F'URF2R2,U2 R2 F R2 U2 R' U2 R F' U' R',1,A,3
FranconiaWinter2014,7,RU'R'U'F'UF',F U' F R U2 R' U R U R' U2,1,A,2
SwedishChampionship2014,7,FUF'U'RU2R',R U2 R' U R' U' R' F' R U R,1,A,3
KeepAustinWeird2014,7,U'FR'FUR2U',F' R' U2 R U2 R' U' R U' F' U2,f,B,2
HaywardRubiksRumble2016,7,F2R2UFRU2F',U R' U R F' U' F' R' U R' U2,1,A,1
HaywardRubiksRumble2016,7,R2F2RF'UF'R',U R' U2 R U R' U R U' R' F2,1,B,1
StarCubingNijmegen2020,7,U'R2U'R'F'U2F2,R' F2 U' R U' R U2 R2 F2 R2 U',1,F,5
TurkishSummer2020,7,FU2F'R'F2U'R',R' F R U2 R F' R2 U F' R2 U2,f,A,2
MinnesotaCubeMelt2017,7,R2F'U'F2RF'R,R' F U2 F U2 F' U' R U R U',1,F,1
GDSYOpen2017,7,U'R'FUR'FR,U' F R U2 R' U' R U2 R' F' R,2,A,4
IrunaOpen2020,7,F'RF'R2U2F2U',U' R2 F2 R U R U2 R2 F U2 R,1,A,2
IrunaOpen2020,7,U'RFU'F'R2F2,R2 F' U R' U' F R U2 R' U2 R2,1,B,2
IrunaOpen2020,7,F'RUF2RFU2,U2 R U' R' U R' U' R2 F' R2 F2,1,C,2
HvidovreSommerhygge2020,7,R'FU2F2R'F'R2,R' F U2 R U2 F R U2 R U' F',2,A,4
SSL1Jonkoping2017,7,U'R2UFU2FR,R' F' U2 F' R U R U2 R' U' R',f,A,2
CliftonWinter2017,7,FUF'UR2U2F2,R F U' F U' R U2 F U' F U',d,E,2
HaywardRubiksRumble2016,7,U'F'RU'R'FU,R' F R U R' F' R F R U' R',1,C,1
CliftonWinter2017,7,UF2R'F'R2U2F,R U2 F' R2 F' R U' F R U2 R',d,D,2
CliftonWinter2017,7,UFUF2R'U2F',R U' R' U' R' U2 F U2 R U' F,d,C,2
CliftonWinter2017,7,UFR'F2U2RU,U' R' U2 R U' F' U' R U2 R' F,d,C,2
Cubelonia2017,7,UF'R2F'R2FU2,U R' F2 R U R' U F U2 R U2,f,A,4
MelbourneCubeDays2016,7,RU'F'R2FU'R2,R U' R2 F' U' R2 U' R' U2 R' U2,2,A,3
HaywardRubiksRumble2016,7,U2RU'FU2F2R,U' R U' R' U' R U' F R2 U R,1,J,1
HaywardRubiksRumble2016,7,U2RFUR2UF2,R' U2 R2 U2 R2 F U' F R F U2,1,F,1
No3x3x3Cambridge2019,7,F2UF'RUF'R',R F' U' R' U' R F' U' R2 U F',2,B,2
ChicagoAreaTwistSpring2019,7,U2R'U2RU2RU',U' R' U2 R2 U2 R' U2 R U2 R2 U2,f,E,3
AsianChampionship2018,7,U'R'UF'R2F'U,U' F U2 R2 U2 R2 U2 F U' R U,2,A,1
KjellerOpen2019,7,FU'RF'U'RU,R' U2 F U2 R U' R U' R2 U' F2,f,A,1
PSTLLSLublin2019,7,UFRUR'U'R2,R' U R U R U' R' U2 R' F' U',1,C,1
GreatLakesChampionship2018,7,RFR2U'F2UR2,F R U2 R' F U' F R' U' R U,1,J,4
DanishOpen2019,7,F'R2FUF'RU',U R' F U' F' U2 R2 U2 R2 U2 F,1,C,4
GreatLakesChampionship2018,7,RFU'R'F2UF2,R U2 F' R2 U R U' R' F' R U,2,A,2
GreatLakesChampionship2018,7,FURF'U2RF',R' U' F U2 F2 U2 F R U' R U,2,B,2
NorthernNeckWinter2019,7,RU2RU'R'UR',U' R' U2 R U' R' U' R2 U2 R' U',1,B,1
CubingUSANationals2019,7,U'R'F2U'FU2F',U' R' U' R' U' F' U' R U R' F',1,J,1
RijswijkOpen2018,7,U'F'U2R2F'U2F,R U' R' U2 R U2 R' F' U' R2 U',1,E,1
Hawaii2018,7,RUR'URF'R2,R U2 F' R2 U' R2 F' U' R2 F U2,1,C,1
Hawaii2018,7,FR'U'FR2FU',R' F' R U' R' U' R' F U2 R U',1,A,1
SmartCubeFest2018,7,FU'R'F'R2U2F,R F R2 U' R' U R' U R2 U' R,1,C,5
NordicChampionship2018,7,F'URFU2R'F,R' F U2 R' U' F U2 F U2 R2 U2,1,B,3
ChangshaAutumn2019,7,F2R2FU'F'RU,U' R U' R' U2 R' F' R2 U' F' R',1,A,5
CubingUSANationals2019,7,U2F'UF2RF'R,R F' R2 F' U2 F' U' R U R U',1,J,2
NordicChampionship2019,7,F'UF'R'URF',U R U' F' R2 F U2 F U2 F' R2,1,E,4
KjellerOpen2018,7,U'R2F'R'UF2R,U' R' U2 F' R2 U2 F' R' U2 R' F,f,A,1
Cubetcha2018,7,U'FUR2FU2F',R' U' F U2 R U R F' U2 R' U',f,A,5
LierOpen2018,7,F'U'FRUR'U,R U R' U' F U' F' R U' R' F,f,A,1
CubingUSANationals2019,7,U2R'UFU2F2R2,R' U2 F R U R2 U' R' U' R F',2,E,4
NewmarketOpen2018,7,FU'R'F2RF2R2,R' U2 R U' R F' U R' U R2 U2,f,A,5
OpendelMayo2019,7,R2F2R'U2F'U2F,U' R' F' U' R U' R' U R2 U' R2,2,A,1
OakvilleLimitedFall2018,7,RU'FR'U2F'U2,U2 R' F' U' F U' F U2 R U' R',f,A,2
CubeFactoryCzestochowa2018,7,R2U2FUF'U2R',R U2 R' U' R' F' R U R U2 R2,1,C,3
GACubersSummerBlast2018,7,F2R2FRFU'F2,F U' R U' R' U' R2 F R U R,1,A,2
ClashatCarlisleFall2019,7,F'UF'R'F'RF,R' F U2 R U' R' U' F' R2 F U',f,A,1
GACubersSummerBlast2018,7,RF2R'U2F'R'U,U' R' U' R2 U2 F' U' F' U' R' U',1,D,2
HungarianOpen2019,7,FU2F'RFU'R',R F' R' U' R' F U' F2 U F R,1,C,2
SwedishChampionship2018,7,U2R'U'R2F'U'F2,R' F' U' R U2 R' U' R U' R' U',f,A,2
AsianChampionship2018,7,FRFRFU2F2,R' F U2 R U' R F2 U' R U' R',1,A,3
FinnishChampionship2018,7,F'RF'U'RFR',R U' F' R' U2 R' U' F U' R' U2,2,B,4
StarCubingNijmegen2019,7,UFRUF2R2U',U R' F R2 U' R2 F' U2 R2 U' R',f,D,3
OsterhojOpen2018,7,FR2URU'R'F',U' R' F U2 F U' F' U' F' U' R,f,A,1
WC2019,7,U'RF'U'FRF',R U2 F' R2 F R U R' F U' F,2,B,5
SwissNationals2019,7,U'R2UR2U'R2U,U' R U' R' U R' U' R U R U2,2,B,3
Murcia2018,7,U'R'U2FUFU,U' R' U' F' U' R2 F' R2 U2 F' U',f,B,1
SingaporeMini2019,7,U'FUFRU'R',U' R U2 R2 U' F' R U R U' F',f,A,4
SwissNationals2019,7,F2U2RFU2FU2,R F U' F R U R' F U' F2 U2,2,C,3
RiverHillSpring2019,7,U'F'R2F'U'R'U2,U2 R U' R2 U2 F' U2 F' U2 R2 U',f,D,4
HuzhouOpen2019,7,U'R2UR2URU,R U' R' U2 R U2 R' U' R' U' R,2,A,2
WarmUpSydney2019,7,U'FU2R'U'FU',U2 R F' R2 F R U R U2 R U',f,A,5
RallyintheValley2019,7,R'FR2FR2F'U',R' F' U2 F U' F R U' R' U2 F',1,D,3
SSL2Skurup2019,7,R'F2R'F'UR2F',R' U2 F2 R U R' U2 F R U2 R,1,C,1
RobleCubingOpen2019,7,U2RU2FRF'U,U R' U' F R2 F' U2 R' U' R U',f,A,3
CubingUSANationals2019,7,F2RF'RF2R'U',F' U' R U' R' F U2 R2 U2 R2 U',1,E,1
OculusCubeOpen2019,7,FR'F'R'F2U'R,U F R U R F' R' U' R' F R2,1,F,4
WC2019,7,R'FU2FRU'F',R' U' F U' F2 U' F R U R U',2,A,5
FinnishChampionship2018,7,U'F2UFU'FU,R U2 R U2 R2 F R2 U2 R' U' R',d,A,4
CubeWeekendStMichielsgestel2019,7,RUR'F'RU2R',R' F R2 U2 R2 F R F R U' R',f,B,4
ChicagoAreaTwistSpring2019,6,F2UF2UF'R',U' F U2 R U' R' U' F R2 F' U2,f,A,3
SUAO2018,6,F2U'RFU'R2,R' F' R U' R' U' R2 U2 F' R2 F,f,B,2
PittsburghSummer2019,6,URU2RFR,R U2 R2 F U2 R2 U2 R' U2 R' U',f,A,2
SUAO2018,6,U2R'F2R'FR',R F' R2 U F R U2 R' U' F' U2,f,A,2
MunichOpen2016,6,F2URF'R'F',U' R F U' F U F R U' R' F,f,A,3
SkottegardsskolenOpen2018,6,U'RUR2U'F,F' U2 R U' R U' R' U2 R' U' R,f,B,2
BarwonCubefortheKids2021,6,FU2F'RU'F',R' F U2 R F R2 U' R2 F U2 F,1,D,1
SydChamps2017,6,F'R'F'R'U2R2,R U' R' U' R F' R2 U' R' U' F,f,A,3
PSKubing2016,6,RFU'FRF2,U R' F U' F U2 R U R' U' F2,f,B,5
AsianChampionship2018,6,UR'U'R2U'R,R U' R2 U' R2 U2 R' U' R' U2 R,1,F,3
MelbourneCubeDay2014,6,F2RF'R'FR',U' F R F R' U2 R U R' U2 R,f,A,3
DixonFall2016,6,FU'F'U2RF',R' U' F' U' R U F U' F U F',f,A,4
MishawakaSpring2015,6,F'U2R'F2RF2,U R' U' F' R U R' U2 R2 U2 R2,f,A,2
StRaphaelWinterOpen2018,6,R2FR2F'R'F,R U2 R' U' R' F2 U' R U' R U2,1,B,4
ConnorsCubeDay2016,6,R'FR'F'R'U',U R' U' F' U' R2 U2 F' R2 U' R,f,A,4
GobblerCubeDayWinter2019,6,R'F'URF'U',F U2 R U2 R U' R' U' R' U2 F,f,A,1
NationalCubingRegionOpen2016,6,R'FR2FU'R,R' U R2 U2 R2 F U2 F R2 U2 R',d,B,2
CubingUSANationals2019,6,R2F2RURF',U' R F R U' R F' U' R2 U' R,1,H,1
BratislavaOpen2015,6,FU'R2UF'U',R' U F U R U' R' F U' F R,f,A,4
EmpireStateSummerB2021,6,U'FR'U'F'R2,R U' R' U' F R2 U' R2 U2 R2 U',1,F,3
EmpireStateSummerB2021,6,F2R'U2F'RU,U2 R' U' R U2 R' F' U' R' F U2,1,H,3
NordicChampionship2018,6,U'R2UF'U'R,R U' F' R2 F U' R2 U2 R2 U' F,1,A,3
TorontoLimitedSummer2016,6,U'F2UR2U'F,U R2 F U' F U' F' U' R U' R',f,A,2
NationalCapitalRegion2019,6,FRU2F'R'F2,U' R' U' F' U' R2 F' R' U R' F',d,C,5
MarrickvilleAutumnSaturday2021,6,RUF2U'RF',R' U' F U2 F2 U' F R F' U' R',f,A,4
CanberraSpring2016,6,U'R'URF'R2,R' F U' R U R F' U' R' U R',1,B,4
SSTRzeszow2021,6,R'UF'R'UR',R U2 R' U' R' U' F' R U' R' U',f,A,1
France2016,6,RU2RF'U'F',R' U' R U' R' U2 F' U' F' U' R2,d,D,1
NorthsideCubeDay2019,6,U'R'F2RU'R2,R F' U' R' U' R U' F' U' R2 F',f,A,5
DanishChampionship2021,6,F2U'R'F'UR',R' F R U R F' U' R' U R' F,1,E,3
GoldCoastSpring2019,6,F'RUR'UR2,U2 R' F R U R U' R' U R2 U',f,A,2
LLSVFinal2019,6,U'RF2UF'U',R F U' R2 F' R' U R' U' F U2,2,A,5
TeaTimeSpring2018,6,R'F'RFR'U2,U' R U' F' R' F R U R' U' R,1,C,4
SpeedcubingESYA2018,6,R'UF'R'FR',U2 F' R2 U' R2 U' R' U' R' U' R,f,B,1
ChellesOpen2020,6,RF2RF2R2U2,U2 R U' R' F' R U' R' F R U,2,B,3
SLSZawiercie2017,6,FU2FU'F'R,R' F U' F U2 F U2 F U2 F U2,d,A,4
SandnesOpen2017,6,U'R'F2R2UF',F R2 F' U2 R2 U2 F R2 U' R' U,1,B,2
Chipola2019,6,RFU'R'U'R',U R' U R U R' F U2 R2 U2 R',f,B,1
DneprPuzzlesFest2019,6,URU'R'U'F,F' U R U2 R U' R' U' R' U' R,f,A,1
AdelaideSummer2020,6,R2F'U2R'U2R',R' U2 F R2 U2 R' F U2 R U R,1,C,3
SEChamp2018,6,U'FUFU'R2,R U' F' R' U' R' U F U R U,1,H,3
UBCOpen2020,6,F'U2F2U'R'U',R' U2 F' R2 U' R' U' R' F U2 F,f,A,4
BelgianOpen2017,6,UF'RUF'U',R' U' R U2 F R U' R' U' F U',1,A,2
NordicChampionship2019,6,U'R2F2RF'R,U R' F' U2 R U2 R' F U2 F R,2,B,4
HefeiSummer2018,6,U'R'U2F'UF,U R' U2 R2 U2 R2 U' F R F' U',2,C,5
HowlandHighSpring2017,6,RU'F'U'F2U2,U2 R' U2 F' R U R' U2 F' U2 R2,f,A,4
ItalianChampionship2017,6,URF2U'RU,U' R' U2 R U' R' F2 U' R' F U',1,C,2
NancyOpen2017,6,F'U'R'FU'F',U' R' U2 F' R2 U' R' U R U2 R',f,A,3
CubingUSANationals2017,6,F2RU2RF'U',U' R' F U2 R2 F' U' R2 F U2 R2,1,R,4
Brooklyn2018,6,F'R'URF2R2,R' U2 F R2 F' U' R' U2 R' U' F',f,A,4
BerkeleyWinter2018,6,F'U'FR2F2U,R' U R U' R' U' F U' F R' U2,f,A,4
FrankfurtCubeDays2018,5,R'U'FRF,R F' R' U R F R U' R' U' F',2,B,5
GermanOpen2014,5,R'F'UR'F,R U2 F R U' R' U2 F' U' F R,2,B,2
WelwynGardenCity2014,5,UF'R'F'U,U' R F U2 R U R' F' U2 F U',f,A,1
NationalCubingRegionOpen2016,5,F'U'FUR',R' U2 R2 F' U2 R2 U' F U' F' U',d,B,2
CubingUSANationals2017,5,R'UF2U2R',U' R' U' R U R F' R2 F U R2,1,AG,4
SacCubingIII2018,5,R'UF2U'R,R' U' R2 U2 F' U2 R2 U2 F U' R,2,D,1
SaintMaryScramble2016,5,RF'R2F'R',R U' R' F' R' U' R F' R2 U' R,f,A,3
SwedishChampionship2018,5,R2FU'R'F,U R' F U' F' U R U' R F' R2,f,A,2
UBCOpen2020,5,U'FU'R2F2,F U R U R U' R2 U' F R U2,d,C,5
UCSDWinter2020,5,R2F2RF2R,R' F' U' F' U2 F R U R' F' R,1,E,3
ElMuelleOpen2017,5,FRF2R'F',R' F' U2 F R2 U2 R2 F U2 F R,f,B,4
UKChampionship2017,5,UF'UR'F2,R U' R' F' R U2 R' F R F U',d,C,4
Maryland2017,5,FU2FR2F',R U' F' R' U2 R U2 R' F' R U,1,D,4
LesFranquesesOpen2019,5,F'R2UR'U,U R U' R' U' R U2 R' U R' F,f,A,1
KoalaficationMelbourne2019,5,F'R'U2R'U',R' U' R U R' F' R2 U' F' U' R',1,A,4
LexingtonFall2015,5,R'UR'F2R',R F' U2 R2 U2 F R2 U2 R' U' R,1,A,1
MasovianOpen2015,5,R'UR2U'R',R' U' R2 U' R2 U' R2 U' R2 U2 R,f,A,2
XlingenOpen2019,5,UR'URU,R U2 R' U' R U' R' U' R' U2 R,f,A,2
SwedishChampionship2014,5,RF2RU2R',R U2 F' U' F' R' U2 R' F R U,1,B,3
IndianapolisCubesWinter2019,5,F'R'F2R'U2,U R' F' R U R' F R U R F',f,A,5
GreatLakesChampionship2018,5,FR'UFU2,U2 R F' R' U' R F' R' U' R U,2,A,2
HudsonValleyOpen2018,5,F'R'U2F2R,F U2 R U R' U2 R U' R U' R',f,A,3
BranchburgOpen2019,5,F'R'F2UR,R' U2 R' U2 F' R2 U' R' U R' U',1,E,2
PugetSoundSummer2019,5,R'F2RF'U,R F' U' R' F R U' R' F' U' R2,f,A,5
StarCubingNijmegen2020,5,RU2F2U'R',U' R' U2 R U R U' R2 F2 U2 R,1,B,5
SlovakianCubeDay2018,5,F'RU2FR',R' U2 R U' R' F U' F' R2 U' R2,1,B,5
TurkishSummer2020,5,R'F2UF'R',R' F U' F U2 F U' F R2 F' R2,f,A,2
ByczyCubeRace2017,5,F2RF'U'R',R F' U' R' U' R U2 R2 F' R2 U',1,B,3
MinnesotaCubeDays2020,5,RU'FRU2,U2 R' F' U' F R2 U2 R2 F U2 R,1,F,3
RijswijkOpen2018,5,F2R'U'RF2,R' U' F R U R U' R' F' U R,2,D,4
SandnesOpen2016,5,R2UF'R'F,R' U2 R2 U2 R2 F R U' R' U R2,2,A,4
EstonianOpen2020,5,UFU'F'U',U R' U R2 U' R' U' R' U' F R2,1,B,2
MinnesotaCubeMelt2017,5,F2U'RFR',R' F R2 F' U' R' U2 R U2 F' R',1,F,1
EgerOpen2017,5,UR'UFU,U R2 U2 F U' R U R U2 R' U2,2,C,2
UralWinter2020,5,F'URU2R,R' U' R U R U' R' U' R' U2 F,f,A,4
MelbourneWinter2018,5,RF'UFR',U' R' F U R U' R' F' R U R',1,D,5
BackToBelgrade2021,5,UF'U'F2U,U2 R' U' F' R U' R F' U' F' R',2,B,1
OsterhojOpen2019,5,F2U'R2FR2,R2 U' R2 F' R U R F' R' U2 R',f,A,4
SeraingOpen2019,5,R2F2R'U'F,U R F R U' R U2 R2 F' R2 U2,1,A,4
AnnuntiaOpen2020,5,F'U'R'UR,R' U2 R U2 F R U' R' U' R U,1,C,1
ZhengzhouSummer2021,5,UF'RUF,F' R U R U' R' U' R' U' F U',d,B,1
AmaltheaOpen2019,4,F2U'R'U2,U2 R F' R' U' R' F R U R F',f,A,5
DAIICTOpen2018,4,UF'U'F',R' F R U2 F R U' R' U' F U',1,C,2
GreatLakesChampionship2018,4,R2F2U'R,R F' U2 F' U' R' U' R' U' F R,2,B,2
ICHBBackToSchool2019,4,R'FR'U2,U2 R F' U' R2 U2 R2 U2 R2 U' R,f,B,5
TaiwanChampionship2017,4,F'U'F2U',R' U' F' R U' R F' U' F' R' U,2,B,3
ArCubingFest2018,4,F'RUR',U' R' U F U2 R U' R' U' R U',f,B,4
MPEIOpen2019,4,UF'R'U2,R U' R' U' R F R U' R' U' R,1,G,1
PolishChampionship2021,4,F'UR'U',U' R U' R' U' R U2 R' U R F,d,E,2
SydneyChampionship2016,4,UR'FR,R' F' R2 U' R' U' R' U' R U R,2,B,5
MumbaiSummerOpen2014,4,FR'U'R2,R' U' R U R U' R2 U2 R U' F',f,A,4
ProjectZamosc2018,4,R2FU'R,U R U2 R' U' R' U' R2 U2 F' R2,f,A,1
CliftonWinter2017,4,U'F2R2F',U R' U' R2 F' R' U R' F2 R2 U',d,A,2
NovaOdessaOpen2014,4,R'U'F2U',U' R' U2 F2 R2 U2 R2 U2 R U' R,f,A,1
KaohsiungOpen2016,4,RU'F'U,U' F U2 R U R U' R' U' R' U',1,C,2
WelwynGardenCity2015,4,F'U'FU,U2 R' F R U R' U' F' R U R,1,B,3
FuengirolaCubea2018,4,FUF2U',U R F U' R2 U2 R2 F U2 R U',1,C,2
ChangshaAutumn2019,4,F'UR2U2,U2 R' U' R U' R' F U R' F U',1,C,5
NovemberDaysinMinsk2018,4,UR2U'F,U R' U' R2 F' R' U R U' R2 U',1,A,5
EdmontonLimitedSummer2016,4,RU'R'U,U2 R' U' R U R' U2 R2 U2 R2 U',1,B,2
CroatianOpen2016,4,U'RU'R',R' U2 R2 U2 R' U R U' R' U' R',f,A,4
GrudziadzOpen2016,4,F'URF',U' R F R U R F' U' R2 U' F,f,A,4
OculusCubeOpen2019,4,UR'U'F2,U' R' F' U' R U' R U' R' F' R',1,G,4
SunmarkeDubaiOpenII2017,4,FR'FU2,U' R' F U' F' U R U' R U' F',d,B,3
CanadianOpen2015,4,RU2R2F,R U' R' U' R U2 F' U' R2 F' U2,1,A,1
CanadianChampionship2019,4,UF'R2F2,R F' U' F' R2 F R U R' F' U',d,B,5
OregonStateAlpha2016,4,R2U'FR2,U R U' R2 U F U' F' R U' R,f,A,2
PugetSoundSpring2019,4,RFUR',R2 U' R' U' R' U' R U R F' R',f,A,3
NordicChampionship2018,4,U'F2R'F,R' U2 F' R2 U2 R' U' R' U2 F U,1,A,5
TechweekNZ2017,4,F'R'UF',U' R' U' R' U2 F' R U' R' U' F,f,A,3
LondrinaOpen2017,4,R'UFU2,R U' R' U' R' F R U' F' R U',f,A,5
SydChamps2017,4,R'U2R2F,U2 R F' U' R' U' R' U' F' U' R,1,A,5
